"Edad";"Genero";"Peso";"Altura";"Max_BPM";"Avg_BPM";"Rep_BPM";"Duracion";"Calorias";"Entrenamiento";"Grasa";"Agua";"Frecuencia";"Experiencia";"IMC"
56;"Masculino";88.3;1.71;180;157;60;1.69;1313;"Yoga";12.6;3.5;4;"Experto";30.2
46;"Femenino";74.9;1.53;179;151;66;1.3;883;"HIIT";33.9;2.1;4;"Intermedio";32
32;"Femenino";68.1;1.66;167;122;54;1.11;677;"Cardio";33.4;2.3;4;"Intermedio";24.71
25;"Masculino";53.2;1.7;190;164;56;0.59;532;"Fuerza";28.8;2.1;3;"Principiante";18.41
38;"Masculino";46.1;1.79;188;158;68;0.64;556;"Fuerza";29.2;2.8;3;"Principiante";14.39
56;"Femenino";58;1.68;168;156;74;1.59;1116;"HIIT";15.5;2.7;5;"Experto";20.55
36;"Masculino";70.3;1.72;174;169;73;1.49;1385;"Cardio";21.3;2.3;3;"Intermedio";23.76
40;"Femenino";69.7;1.51;189;141;64;1.27;895;"Cardio";30.6;1.9;3;"Intermedio";30.57
28;"Masculino";121.7;1.94;185;127;52;1.03;719;"Fuerza";28.9;2.6;4;"Intermedio";32.34
28;"Masculino";101.8;1.84;169;136;64;1.08;808;"Cardio";29.7;2.7;3;"Principiante";30.07
41;"Masculino";120.8;1.67;188;146;54;0.82;593;"HIIT";20.5;3;2;"Principiante";43.31
53;"Masculino";51.7;1.7;175;152;72;1.15;865;"HIIT";23.6;3.5;3;"Intermedio";17.89
57;"Masculino";112.5;1.61;195;165;61;1.24;1013;"Cardio";22.1;2.7;3;"Intermedio";43.4
41;"Masculino";94.5;2;179;136;69;1.18;794;"HIIT";27.6;3.7;3;"Principiante";23.62
20;"Masculino";117.7;1.81;196;161;54;1.35;1195;"Yoga";26.4;3.3;3;"Intermedio";35.93
39;"Femenino";42.5;1.75;181;131;52;1.13;740;"Fuerza";26.2;2.1;2;"Principiante";13.88
19;"Femenino";64;1.53;166;167;58;1.33;1111;"HIIT";29.8;2.3;3;"Intermedio";27.34
41;"Femenino";43.8;1.77;182;165;58;1.19;884;"Cardio";31.9;1.6;3;"Principiante";13.98
47;"Femenino";66.8;1.75;199;146;56;1.13;742;"Fuerza";32.8;2.5;3;"Intermedio";21.81
55;"Femenino";75.2;1.67;188;167;51;1.37;1030;"HIIT";25.2;2.2;2;"Principiante";26.96
19;"Masculino";89;1.77;175;127;72;1.5;1048;"Fuerza";28.9;3.7;4;"Intermedio";28.41
38;"Masculino";71.9;1.77;197;142;72;1.12;875;"Cardio";25.7;3.1;2;"Principiante";22.95
50;"Femenino";71;1.68;187;161;70;1.17;848;"Yoga";33.1;2.5;2;"Principiante";25.16
29;"Masculino";120.9;1.78;197;168;65;0.78;721;"Yoga";28.1;3.4;2;"Principiante";38.16
39;"Femenino";64.3;1.69;190;148;58;1.25;925;"HIIT";26.9;1.9;4;"Intermedio";22.51
42;"Femenino";63.7;1.71;173;169;62;1.42;1080;"Yoga";26.1;1.8;3;"Intermedio";21.78
44;"Masculino";65.2;1.8;192;139;68;0.73;502;"HIIT";27.2;2.7;2;"Principiante";20.12
59;"Masculino";53.9;1.75;168;135;69;1.48;989;"Fuerza";21.6;2.8;4;"Intermedio";17.6
45;"Masculino";84.9;1.86;186;136;66;1.64;1104;"HIIT";14.2;3.5;5;"Experto";24.54
33;"Femenino";78;1.68;183;135;55;1.29;871;"HIIT";32.3;1.8;3;"Intermedio";27.64
32;"Masculino";108.2;1.8;172;138;53;1.27;964;"HIIT";28.4;3.5;3;"Principiante";33.4
20;"Femenino";65.4;1.52;185;127;50;1.03;654;"Yoga";28;2.2;4;"Intermedio";28.31
54;"Femenino";50.2;1.61;188;157;67;1.48;1046;"HIIT";28.2;2.7;2;"Principiante";19.37
24;"Femenino";58.9;1.51;187;157;68;1.04;816;"Cardio";31.7;2.5;2;"Principiante";25.83
38;"Masculino";81.4;1.71;187;148;58;1.52;1237;"HIIT";10.2;3.5;5;"Experto";27.84
26;"Masculino";127.6;1.73;167;160;62;1.32;1162;"Fuerza";27.3;2.9;3;"Principiante";42.63
56;"Femenino";59.3;1.56;182;155;57;1.26;879;"Cardio";33.4;2.6;4;"Intermedio";24.37
35;"Masculino";96.9;1.71;188;145;72;1.34;1069;"Fuerza";24.2;2.9;3;"Intermedio";33.14
21;"Masculino";62.6;1.81;164;150;62;1.3;1072;"Fuerza";27.6;3.5;4;"Intermedio";19.11
42;"Masculino";45.5;1.6;166;163;64;1.31;1057;"Fuerza";21.7;2.6;3;"Intermedio";17.77
31;"Femenino";48.8;1.51;195;131;60;1.48;969;"Cardio";28.2;2;2;"Principiante";21.4
26;"Femenino";44.3;1.6;186;136;61;1.08;734;"Cardio";34.7;2;3;"Principiante";17.3
43;"Masculino";113.2;1.83;161;134;63;1.45;962;"Yoga";29.9;2.9;4;"Intermedio";33.8
19;"Femenino";60.5;1.59;184;128;53;1.14;730;"Cardio";30.1;2.2;2;"Principiante";23.93
37;"Masculino";124.2;1.76;168;158;50;1.5;1304;"HIIT";29.3;2.8;2;"Principiante";40.1
45;"Masculino";52.4;1.85;186;161;73;1.2;956;"Fuerza";25.2;2.5;3;"Principiante";15.31
24;"Masculino";54.7;1.74;160;167;53;0.84;772;"Yoga";22.9;3.6;3;"Principiante";18.07
25;"Masculino";88.1;1.95;182;131;68;1.41;1016;"Cardio";22.7;3;2;"Principiante";23.17
52;"Femenino";59.7;1.71;169;151;58;1.23;836;"Fuerza";34.3;2;3;"Principiante";20.42
31;"Femenino";79.7;1.54;184;144;59;1.03;742;"Cardio";26.7;2.3;4;"Intermedio";33.61
34;"Femenino";51;1.62;162;158;53;1.42;1122;"Yoga";30.8;2.4;3;"Intermedio";19.43
53;"Masculino";84.2;1.76;165;137;69;1.67;1133;"Cardio";12.8;3.5;5;"Experto";27.18
57;"Masculino";122.1;1.89;165;134;58;1.13;750;"Cardio";27.4;3.6;3;"Principiante";34.18
21;"Masculino";96.7;1.72;161;151;62;1.26;1046;"Fuerza";25;2.8;3;"Principiante";32.69
19;"Femenino";73;1.79;177;125;61;0.81;506;"HIIT";27.7;1.6;3;"Principiante";22.78
23;"Masculino";114.8;1.6;182;163;60;1.47;1318;"Cardio";21.7;2.7;4;"Intermedio";44.84
59;"Femenino";65.5;1.52;161;162;61;1.4;1021;"Yoga";31.2;2.1;3;"Intermedio";28.35
21;"Femenino";50.3;1.52;171;154;67;1.08;832;"Cardio";32.2;2.6;3;"Principiante";21.77
46;"Femenino";61;1.71;181;153;61;1.67;1150;"Cardio";17.8;2.7;4;"Experto";20.86
35;"Femenino";44.6;1.62;196;157;65;0.56;440;"HIIT";32.4;2;2;"Principiante";16.99
43;"Femenino";58.2;1.61;179;124;54;1.04;580;"Fuerza";26.4;2.6;3;"Intermedio";22.45
51;"Femenino";44.8;1.63;198;137;69;1.08;666;"Yoga";33.8;2.1;4;"Intermedio";16.86
27;"Masculino";87.5;1.63;183;135;74;1.75;1299;"Fuerza";12.9;3.5;5;"Experto";32.93
53;"Masculino";51.8;1.74;179;127;61;1.23;773;"Fuerza";21.3;3.7;3;"Intermedio";17.11
31;"Femenino";64.4;1.7;160;144;70;1.97;1418;"Fuerza";17.3;2.7;5;"Experto";22.28
48;"Femenino";67.1;1.61;160;151;74;0.62;421;"Cardio";33.4;1.5;2;"Principiante";25.89
32;"Masculino";85.9;1.6;176;145;60;1.99;1587;"HIIT";14.5;3.5;5;"Experto";33.55
25;"Femenino";65.4;1.77;160;141;58;0.89;627;"Cardio";27.6;2.6;3;"Principiante";20.88
31;"Femenino";61.1;1.76;189;150;67;1.81;1358;"Yoga";18.6;2.7;4;"Experto";19.72
40;"Masculino";106.5;1.65;162;162;74;1.32;1176;"HIIT";21;3.6;4;"Intermedio";39.12
57;"Femenino";64;1.52;170;129;52;1.73;1004;"Fuerza";15.2;2.7;5;"Experto";27.7
38;"Femenino";61.4;1.54;183;131;69;1.47;963;"HIIT";30.6;2.7;3;"Intermedio";25.89
33;"Femenino";40.5;1.63;181;147;66;1.07;786;"Yoga";31.9;1.5;4;"Intermedio";15.24
35;"Masculino";70.1;1.79;185;125;63;1.08;743;"Cardio";28;2.3;3;"Intermedio";21.88
41;"Masculino";94.1;1.62;172;139;50;1.13;777;"Cardio";23.4;3.1;4;"Intermedio";35.86
43;"Masculino";55.5;1.82;160;124;66;1.08;663;"Fuerza";20.1;2;3;"Principiante";16.76
42;"Femenino";53.7;1.72;183;142;74;1.37;875;"Cardio";29.8;1.6;3;"Principiante";18.15
58;"Femenino";66.1;1.75;169;128;57;0.63;363;"Cardio";25.2;1.8;2;"Principiante";21.58
46;"Masculino";103.9;1.77;194;148;54;1.18;864;"Yoga";20.9;2.9;2;"Principiante";33.16
32;"Femenino";61.7;1.58;183;135;54;1.87;1262;"HIIT";16.6;2.7;5;"Experto";24.72
18;"Femenino";52.3;1.74;187;165;58;1.2;990;"Cardio";29.4;2.2;2;"Principiante";17.27
42;"Femenino";59.5;1.74;195;141;52;1.78;1129;"Yoga";16.4;2.7;5;"Experto";19.65
24;"Femenino";72.9;1.76;175;127;68;0.86;546;"Yoga";30.8;1.5;3;"Principiante";23.53
26;"Femenino";76.7;1.63;199;139;72;1.08;751;"Fuerza";25.6;1.7;2;"Principiante";28.87
41;"Masculino";72.1;1.83;175;133;58;1.13;744;"Yoga";21.4;2.8;3;"Intermedio";21.53
18;"Femenino";54.8;1.68;176;158;71;1.27;1003;"Fuerza";32;2.2;4;"Intermedio";19.42
25;"Masculino";105;1.88;174;156;67;1.34;1150;"Cardio";21.4;2.3;3;"Intermedio";29.71
41;"Femenino";55;1.55;175;169;65;1.45;1103;"Fuerza";31.4;2;4;"Intermedio";22.89
28;"Masculino";81.6;1.66;174;153;50;1.09;917;"Yoga";20.5;3.5;4;"Intermedio";29.61
34;"Femenino";75.6;1.6;193;130;51;0.64;416;"HIIT";29.1;2.7;2;"Principiante";29.53
25;"Masculino";81.5;1.61;170;159;63;1.93;1688;"HIIT";10.9;3.5;4;"Experto";31.44
52;"Femenino";61.5;1.69;160;152;63;1.8;1231;"Cardio";15.5;2.7;4;"Experto";21.53
52;"Masculino";74;1.63;174;150;50;1.26;936;"Cardio";25.7;3.7;3;"Intermedio";27.85
50;"Femenino";56.4;1.59;185;163;74;1.26;924;"HIIT";34.3;2.6;3;"Principiante";22.31
22;"Masculino";102.6;1.84;163;153;65;1.25;1052;"Fuerza";20.5;2.7;3;"Intermedio";30.3
59;"Femenino";54.6;1.57;164;169;64;0.58;441;"Cardio";29.2;2.3;3;"Principiante";22.15
56;"Masculino";129;1.78;194;126;64;1.29;805;"Yoga";27.1;2.7;2;"Principiante";40.71
58;"Masculino";103.5;1.66;172;168;61;1.33;1106;"Cardio";24.6;3.1;3;"Principiante";37.56
45;"Femenino";59.4;1.51;169;142;65;1.15;735;"Fuerza";33.1;1.9;4;"Intermedio";26.05
24;"Femenino";60.1;1.79;170;165;63;1.97;1625;"Cardio";15.9;2.7;4;"Experto";18.76
26;"Masculino";77.7;1.62;177;126;73;1.16;804;"Yoga";29.6;3;3;"Intermedio";29.61
25;"Femenino";41.2;1.62;193;144;64;1.49;1073;"Yoga";28.9;2.1;4;"Intermedio";15.7
29;"Masculino";58.6;1.61;198;122;72;1.2;805;"Yoga";23.4;2;3;"Intermedio";22.61
51;"Masculino";109.3;1.78;182;157;64;0.54;420;"Fuerza";28.7;3.3;3;"Principiante";34.5
50;"Masculino";69.6;1.96;166;139;68;0.97;667;"Fuerza";25.6;2;3;"Principiante";18.12
40;"Femenino";56.2;1.79;198;153;57;1.79;1369;"Yoga";17.6;2.7;5;"Experto";17.54
41;"Masculino";71.7;1.96;162;168;51;0.51;424;"Yoga";27.3;2.5;2;"Principiante";18.66
54;"Masculino";86;1.93;171;163;51;1.74;1404;"Fuerza";12.9;3.5;5;"Experto";23.09
52;"Femenino";79.4;1.59;166;163;59;1.39;1020;"Fuerza";26.6;1.5;3;"Intermedio";31.41
57;"Femenino";78.4;1.62;185;149;52;1.01;677;"Fuerza";31.7;2;4;"Intermedio";29.87
39;"Femenino";55.4;1.6;192;136;72;1.44;979;"HIIT";26.3;1.6;3;"Intermedio";21.64
44;"Femenino";61.7;1.55;196;129;66;1.41;819;"Fuerza";33.1;2.6;4;"Intermedio";25.68
52;"Masculino";85.5;1.82;174;154;57;1.78;1357;"Yoga";14.9;3.5;4;"Experto";25.81
18;"Masculino";87.6;1.93;161;139;72;1.72;1315;"HIIT";11.9;3.5;4;"Experto";23.52
52;"Masculino";82.4;1.72;166;137;53;1.01;685;"Fuerza";24.4;2.7;4;"Intermedio";27.85
54;"Masculino";67;1.68;191;164;63;0.55;446;"Yoga";20.5;2.8;3;"Principiante";23.74
31;"Femenino";42.3;1.6;163;163;70;1.09;888;"Cardio";25.1;1.9;3;"Intermedio";16.52
20;"Masculino";82.7;1.99;179;146;59;1.69;1357;"HIIT";14.6;3.5;5;"Experto";20.88
18;"Masculino";92.4;1.74;195;168;50;1.41;1303;"Yoga";21.3;3.1;2;"Principiante";30.52
22;"Femenino";63.2;1.54;191;155;53;1.02;790;"Cardio";29.5;2.4;4;"Intermedio";26.65
43;"Masculino";82.7;1.85;187;142;50;1.22;858;"Yoga";28.2;3.1;4;"Intermedio";24.16
31;"Masculino";86.6;1.76;172;151;66;1.29;1071;"Fuerza";28.9;3.3;3;"Intermedio";27.96
56;"Masculino";129.5;1.95;160;129;66;1;639;"Fuerza";25.2;3.5;2;"Principiante";34.06
44;"Masculino";98;1.83;194;130;56;1.28;824;"Cardio";25.7;3.5;4;"Intermedio";29.26
26;"Masculino";86.2;1.68;189;157;72;1.97;1701;"Fuerza";13.3;3.5;5;"Experto";30.54
32;"Masculino";78.6;1.62;195;125;69;1.28;880;"Yoga";29.6;3.1;3;"Principiante";29.95
32;"Femenino";59;1.66;184;160;64;0.51;408;"Cardio";31;1.8;2;"Principiante";21.41
43;"Femenino";57.3;1.79;175;166;62;1.98;1479;"Yoga";17.8;2.7;4;"Experto";17.88
59;"Masculino";122.3;1.89;178;153;51;0.66;500;"Yoga";20.1;3.1;3;"Principiante";34.24
30;"Masculino";85.3;1.95;160;155;68;1.61;1373;"Yoga";10.4;3.5;5;"Experto";22.43
49;"Femenino";45.2;1.74;164;156;73;1.24;870;"Fuerza";30.8;2.1;3;"Intermedio";14.93
56;"Masculino";55.6;1.92;181;136;62;0.68;458;"Fuerza";29.4;3.2;3;"Principiante";15.08
49;"Masculino";82.8;1.95;183;159;73;1.91;1503;"Yoga";14.3;3.5;5;"Experto";21.78
21;"Masculino";125.2;1.66;196;159;60;1.38;1207;"HIIT";29.8;3.4;3;"Intermedio";45.43
47;"Femenino";58.5;1.79;195;131;71;1.42;837;"Yoga";30.3;2.4;4;"Intermedio";18.26
54;"Masculino";86.1;1.95;195;140;64;1.17;811;"Yoga";27.9;3.4;2;"Principiante";22.64
40;"Femenino";63.5;1.61;163;159;59;1.31;1041;"Cardio";33.4;1.6;3;"Intermedio";24.5
56;"Masculino";69.3;1.68;195;138;58;0.66;451;"Yoga";26.5;2.1;2;"Principiante";24.55
32;"Femenino";70.5;1.62;177;122;58;1.24;756;"Fuerza";28.4;1.8;2;"Principiante";26.86
46;"Femenino";60.1;1.65;175;137;69;1.69;1042;"Cardio";17.3;2.7;4;"Experto";22.08
53;"Masculino";94.1;1.95;177;138;50;0.89;608;"HIIT";28.6;3.5;3;"Principiante";24.75
30;"Femenino";79.2;1.62;181;166;66;1.26;1046;"Cardio";28;2.5;4;"Intermedio";30.18
49;"Masculino";115.3;1.91;161;125;61;1.38;854;"HIIT";29.2;3.2;2;"Principiante";31.61
24;"Femenino";62.9;1.79;180;135;59;1.42;958;"Cardio";27.3;2.3;4;"Intermedio";19.63
39;"Masculino";62;1.64;195;127;54;0.97;678;"Cardio";27.5;3.2;3;"Principiante";23.05
45;"Masculino";88.5;1.78;198;167;67;1.53;1265;"HIIT";13.2;3.5;4;"Experto";27.93
19;"Femenino";73.9;1.77;198;137;64;1.28;877;"Fuerza";32.5;2.6;3;"Intermedio";23.59
59;"Masculino";50.3;1.95;188;167;55;1.07;885;"Fuerza";24.4;3.4;3;"Principiante";13.23
23;"Masculino";83.1;1.8;185;162;56;0.7;624;"Fuerza";29.3;3.1;3;"Principiante";25.65
45;"Femenino";65.1;1.78;180;158;66;1.46;1038;"Cardio";31.3;2.3;3;"Principiante";20.55
45;"Masculino";46.6;1.79;176;168;55;1.46;1214;"Yoga";22.9;2.4;3;"Intermedio";14.54
37;"Masculino";103.5;1.89;175;168;57;0.54;499;"Cardio";26.4;3.1;2;"Principiante";28.97
47;"Femenino";61.9;1.54;190;131;61;1.95;1150;"Yoga";16.4;2.7;4;"Experto";26.1
28;"Femenino";52;1.61;168;164;70;1.32;1082;"Yoga";27.9;2;3;"Intermedio";20.06
45;"Masculino";113.4;1.71;190;129;63;0.83;530;"Fuerza";24;2.3;2;"Principiante";38.78
42;"Masculino";62.9;1.98;173;126;61;1.42;886;"Yoga";28.5;3.4;4;"Intermedio";16.04
56;"Femenino";40.4;1.8;196;165;72;1.23;913;"Cardio";30;2.1;4;"Intermedio";12.47
50;"Femenino";67.1;1.75;161;120;59;0.67;362;"Cardio";31.8;2.7;3;"Principiante";21.91
18;"Masculino";70;1.61;173;168;71;1.3;1201;"Fuerza";23.9;2.5;2;"Principiante";27.01
44;"Femenino";69.5;1.75;192;155;69;1.02;711;"HIIT";27.6;2.1;3;"Principiante";22.69
30;"Masculino";107.9;1.66;194;140;64;1.08;832;"Cardio";29.5;2.8;3;"Intermedio";39.16
58;"Masculino";109;1.91;198;156;56;1.49;1151;"Yoga";26;2.2;3;"Intermedio";29.88
20;"Masculino";101;1.91;179;143;58;1.36;1070;"Cardio";29.3;2.7;3;"Intermedio";27.69
56;"Masculino";88.5;1.85;161;144;59;1.57;1119;"Cardio";11;3.5;4;"Experto";25.86
23;"Masculino";80.9;1.8;178;126;59;1.55;1074;"Cardio";10.7;3.5;4;"Experto";24.97
25;"Femenino";43.1;1.62;196;161;65;1.04;837;"HIIT";33.6;1.8;4;"Intermedio";16.42
44;"Femenino";59.1;1.52;177;136;56;1.58;967;"Yoga";18.4;2.7;5;"Experto";25.58
26;"Femenino";54;1.53;175;148;54;1.14;844;"Fuerza";26.9;1.7;3;"Principiante";23.07
54;"Femenino";72.3;1.78;163;149;72;1.27;852;"Cardio";27.7;1.8;2;"Principiante";22.82
50;"Masculino";51.1;1.98;171;126;52;0.92;574;"Yoga";28;2.4;2;"Principiante";13.03
59;"Masculino";89.4;1.72;188;152;67;1.08;813;"Yoga";24.5;3.2;3;"Principiante";30.22
41;"Masculino";51.5;1.8;166;126;60;1.09;680;"Fuerza";26.7;2.1;4;"Intermedio";15.9
32;"Masculino";87.9;1.88;173;143;64;1.52;1195;"Cardio";11.6;3.5;5;"Experto";24.87
49;"Femenino";42;1.52;171;130;70;1.1;644;"HIIT";28.8;2.2;3;"Principiante";18.18
49;"Masculino";79.2;1.72;194;128;69;1.46;925;"Yoga";29.9;3.3;3;"Principiante";26.77
41;"Masculino";64.8;1.71;164;131;54;1.2;778;"Fuerza";22.5;2.8;3;"Intermedio";22.16
58;"Femenino";63;1.78;176;154;73;1.58;1095;"HIIT";17.5;2.7;4;"Experto";19.88
29;"Femenino";56.2;1.77;191;123;61;0.68;418;"Yoga";33.4;2.6;3;"Principiante";17.94
56;"Femenino";52.9;1.64;169;155;53;1.1;767;"Cardio";27.4;2.3;3;"Intermedio";19.67
19;"Femenino";49;1.69;176;147;64;1.05;772;"Yoga";29.2;2.4;3;"Principiante";17.16
20;"Masculino";128.2;1.84;164;132;58;0.83;603;"HIIT";26.2;2.3;3;"Principiante";37.87
54;"Masculino";83.6;1.86;168;142;56;1.54;1082;"HIIT";12.4;3.5;5;"Experto";24.16
34;"Femenino";56.2;1.77;192;138;59;1.81;1249;"Cardio";17.3;2.7;5;"Experto";17.94
19;"Masculino";87.8;1.78;195;161;72;1.28;1133;"Cardio";23.6;3.3;2;"Principiante";27.71
19;"Masculino";85.9;1.85;195;156;62;1.66;1424;"Fuerza";12.9;3.5;4;"Experto";25.1
45;"Masculino";51.1;1.87;177;158;57;1.44;1126;"Cardio";26.2;3.4;4;"Intermedio";14.61
40;"Femenino";57.4;1.71;168;143;61;1.87;1337;"Fuerza";18.3;2.7;5;"Experto";19.63
54;"Masculino";114.9;1.92;188;135;71;1.2;802;"HIIT";20.7;2.6;4;"Intermedio";31.17
49;"Femenino";62.1;1.66;173;152;73;1.37;937;"HIIT";31.3;1.8;3;"Intermedio";22.54
50;"Masculino";57.1;1.91;184;131;68;1.09;707;"Yoga";29.5;2.7;4;"Intermedio";15.65
18;"Masculino";68.1;1.8;174;153;50;1.1;926;"Yoga";25.4;3.3;4;"Intermedio";21.02
36;"Masculino";69.2;1.65;165;126;65;1.23;852;"Fuerza";27.2;2.7;3;"Principiante";25.42
19;"Femenino";65.2;1.52;188;130;71;1.23;800;"Cardio";30.6;2.4;3;"Principiante";28.22
43;"Masculino";108.6;1.73;174;150;66;1.33;988;"Cardio";28.5;2.2;2;"Principiante";36.29
49;"Femenino";40;1.65;188;148;74;1.03;686;"Yoga";34.3;2.5;3;"Intermedio";14.69
23;"Femenino";41.9;1.58;163;132;67;0.56;370;"HIIT";26.8;1.8;3;"Principiante";16.78
49;"Femenino";68.3;1.52;177;150;60;1.45;979;"Fuerza";29.4;1.8;4;"Intermedio";29.56
21;"Masculino";88.4;1.6;198;121;67;1.71;1138;"HIIT";12;3.5;4;"Experto";34.53
28;"Masculino";66;1.9;175;158;56;1.18;1025;"HIIT";24.1;3;3;"Principiante";18.28
34;"Masculino";71.9;1.64;170;134;67;1.26;929;"Cardio";21.3;2.1;4;"Intermedio";26.73
55;"Masculino";75.6;1.71;173;130;57;1.03;663;"Fuerza";28.1;2;4;"Intermedio";25.85
41;"Femenino";63.4;1.59;162;153;55;1.84;1267;"HIIT";15.2;2.7;5;"Experto";25.08
22;"Femenino";71.6;1.77;197;158;56;1.49;1177;"Yoga";30.3;1.8;3;"Principiante";22.85
51;"Femenino";57.4;1.77;177;123;72;1.08;598;"Yoga";31.6;2.1;4;"Intermedio";18.32
23;"Masculino";83.8;1.99;179;130;71;1.79;1280;"Cardio";11;3.5;4;"Experto";21.16
39;"Femenino";55.9;1.71;184;148;59;1.95;1443;"Yoga";19.5;2.7;5;"Experto";19.12
28;"Masculino";87;1.76;197;121;60;1.2;799;"Yoga";28.4;3.5;3;"Intermedio";28.09
33;"Femenino";65.3;1.71;172;135;74;1.18;796;"HIIT";29.7;2.5;4;"Intermedio";22.33
50;"Masculino";45.4;1.67;163;158;62;1.37;1071;"Yoga";24.1;2.8;4;"Intermedio";16.28
26;"Masculino";87.1;1.87;173;132;58;1.71;1241;"Yoga";11.2;3.5;4;"Experto";24.91
23;"Femenino";78.6;1.73;192;156;56;1.47;1147;"HIIT";32.3;1.5;4;"Intermedio";26.26
33;"Femenino";78;1.71;187;136;58;1.08;734;"Cardio";26.3;2.1;3;"Principiante";26.67
46;"Femenino";58;1.53;196;140;62;1.83;1153;"Cardio";18.4;2.7;4;"Experto";24.78
20;"Femenino";71.3;1.69;167;163;52;1.28;1043;"Fuerza";33.4;2.3;3;"Intermedio";24.96
37;"Masculino";49.1;1.74;193;138;52;1.11;842;"Yoga";22.3;2.6;3;"Intermedio";16.22
53;"Femenino";78.3;1.65;164;126;50;1.24;703;"HIIT";33.7;1.6;3;"Principiante";28.76
36;"Femenino";57.3;1.64;164;157;70;1.13;887;"Fuerza";25.3;1.8;4;"Intermedio";21.3
43;"Femenino";48.4;1.61;190;127;69;1.28;732;"Cardio";34.1;2.4;2;"Principiante";18.67
20;"Masculino";76.4;1.62;168;132;51;1.35;980;"Cardio";21.2;2.6;4;"Intermedio";29.11
36;"Masculino";110.2;1.77;191;156;74;1.19;1021;"HIIT";26.5;3.4;2;"Principiante";35.18
37;"Femenino";72.9;1.76;192;121;52;1.21;732;"Fuerza";27.5;1.9;3;"Intermedio";23.53
49;"Masculino";82.1;1.86;162;160;64;1.87;1481;"Fuerza";14.2;3.5;4;"Experto";23.73
24;"Femenino";58.9;1.76;189;130;73;0.63;410;"HIIT";30.1;1.7;3;"Principiante";19.01
58;"Masculino";82.2;1.87;171;143;55;1.57;1111;"HIIT";10.7;3.5;4;"Experto";23.51
50;"Masculino";96.7;1.72;188;125;62;1.46;903;"Fuerza";25.7;2.7;3;"Intermedio";32.69
57;"Masculino";81.4;1.86;162;145;70;1.8;1292;"Cardio";12;3.5;5;"Experto";23.53
56;"Masculino";107.8;1.73;185;126;50;1.09;680;"Yoga";26.6;2.8;3;"Intermedio";36.02
35;"Femenino";65.8;1.62;189;158;69;1;790;"Cardio";33.8;1.5;4;"Intermedio";25.07
57;"Femenino";68.5;1.56;168;138;68;1.45;900;"HIIT";29.1;1.6;4;"Intermedio";28.15
18;"Femenino";63.9;1.59;185;125;50;1.87;1169;"Fuerza";16.4;2.7;4;"Experto";25.28
28;"Masculino";76.3;1.62;161;162;70;1.16;1034;"Fuerza";20.1;2.3;3;"Intermedio";29.07
45;"Femenino";44.5;1.65;162;148;71;1.44;959;"Yoga";30.7;1.6;3;"Principiante";16.35
42;"Femenino";50.7;1.75;163;162;51;1.29;940;"Fuerza";29;1.9;3;"Intermedio";16.56
40;"Femenino";55.1;1.61;184;158;64;1.55;1224;"Yoga";16.9;2.7;4;"Experto";21.26
48;"Masculino";73.7;1.61;172;121;63;1.36;815;"Cardio";21.8;3.6;4;"Intermedio";28.43
47;"Masculino";55.6;1.77;198;138;68;1.2;820;"Cardio";24.3;2.9;4;"Intermedio";17.75
59;"Masculino";86.9;1.76;194;123;60;1.13;688;"Fuerza";29.8;3.1;3;"Intermedio";28.05
52;"Femenino";60.3;1.68;182;125;64;1.6;900;"Fuerza";16.5;2.7;4;"Experto";21.36
24;"Femenino";40.4;1.64;168;168;55;0.99;832;"HIIT";31;1.9;2;"Principiante";15.02
33;"Femenino";78.5;1.66;161;156;69;1.29;1006;"HIIT";32.8;1.9;4;"Intermedio";28.49
43;"Masculino";102.6;1.72;190;147;58;0.82;597;"Fuerza";27.5;2;2;"Principiante";34.68
19;"Masculino";110.8;1.91;161;149;54;1.31;1074;"Fuerza";23.3;2.9;2;"Principiante";30.37
18;"Femenino";60.9;1.79;191;126;69;1.11;699;"Cardio";31.1;2.1;2;"Principiante";19.01
29;"Masculino";55.7;1.61;177;128;51;1.41;993;"Fuerza";28.7;2.3;3;"Principiante";21.49
22;"Masculino";110.5;1.92;172;144;55;1.16;919;"HIIT";20.2;3.3;3;"Intermedio";29.98
54;"Masculino";55.2;1.71;164;152;67;0.77;579;"Cardio";24.4;2.8;2;"Principiante";18.88
49;"Masculino";46.5;1.72;169;120;72;1.4;832;"Yoga";22.2;2.6;4;"Intermedio";15.72
26;"Femenino";70.9;1.66;184;125;68;0.81;506;"HIIT";28.9;1.7;3;"Principiante";25.73
58;"Masculino";74.6;1.75;193;137;58;1.09;739;"HIIT";24.2;2.9;2;"Principiante";24.36
52;"Masculino";45.1;1.72;196;129;70;0.93;594;"Cardio";27.5;3.3;2;"Principiante";15.24
36;"Masculino";99.9;1.99;189;147;73;1.33;1075;"Yoga";20.9;2.5;3;"Principiante";25.23
33;"Masculino";117;1.61;166;130;55;1.04;744;"HIIT";25.1;2.4;3;"Intermedio";45.14
20;"Femenino";75.9;1.73;165;152;63;1.39;1056;"Fuerza";30.6;2.1;4;"Intermedio";25.36
37;"Femenino";71.2;1.64;162;120;73;1.11;666;"HIIT";29.9;1.7;3;"Intermedio";26.47
41;"Masculino";78.8;1.72;172;132;62;1.01;660;"Cardio";27.3;3.1;4;"Intermedio";26.64
50;"Masculino";50.6;1.69;162;156;60;1.31;1012;"Cardio";23.8;3;2;"Principiante";17.72
41;"Masculino";82.5;1.79;185;139;61;1.69;1163;"Cardio";14.7;3.5;4;"Experto";25.75
28;"Masculino";108.5;1.79;183;120;68;1.33;878;"HIIT";24.8;2.1;4;"Intermedio";33.86
25;"Masculino";49.9;1.98;165;122;68;1.15;772;"Yoga";25.7;2.1;3;"Intermedio";12.73
53;"Masculino";125.1;1.91;171;137;70;0.52;353;"Fuerza";28.3;3.1;2;"Principiante";34.29
55;"Femenino";79.7;1.66;195;160;68;1.06;763;"Cardio";27.8;1.9;2;"Principiante";28.92
57;"Masculino";126.8;1.63;161;133;73;0.96;632;"Yoga";20.8;2.1;2;"Principiante";47.72
37;"Femenino";54.6;1.57;170;150;62;1.31;982;"Fuerza";32.1;2.4;3;"Principiante";22.15
52;"Femenino";47.8;1.54;198;146;63;1.34;880;"Cardio";29.8;1.9;3;"Intermedio";20.16
42;"Masculino";97.9;1.91;193;136;73;1.01;680;"Fuerza";29;2.8;3;"Intermedio";26.84
52;"Femenino";63.1;1.54;185;165;67;1.36;1010;"Fuerza";34.8;1.8;3;"Intermedio";26.61
42;"Femenino";72.4;1.69;177;148;61;1.07;713;"Yoga";29;2.3;3;"Intermedio";25.35
46;"Femenino";58.9;1.7;180;155;53;1.52;1060;"Fuerza";17.1;2.7;4;"Experto";20.38
35;"Femenino";50.4;1.6;195;156;59;1.03;803;"Cardio";29.1;1.9;4;"Intermedio";19.69
35;"Femenino";64.2;1.59;199;145;66;1.63;1182;"Yoga";16.6;2.7;5;"Experto";25.39
19;"Femenino";58.8;1.77;181;136;53;1.4;952;"HIIT";32.8;2.7;2;"Principiante";18.77
52;"Masculino";105.2;1.62;189;141;61;1.36;949;"HIIT";27.6;3.2;3;"Principiante";40.09
33;"Femenino";45.9;1.5;189;144;62;0.92;662;"Yoga";29.8;1.7;3;"Principiante";20.4
58;"Femenino";65.2;1.63;167;121;53;1.12;610;"HIIT";25.4;2;3;"Intermedio";24.54
53;"Femenino";56.3;1.79;193;141;59;1.52;964;"Fuerza";16.5;2.7;5;"Experto";17.57
50;"Masculino";90;1.7;168;124;74;0.81;497;"Cardio";22.9;2.7;2;"Principiante";31.14
21;"Femenino";60;1.7;179;123;52;1.97;1212;"Fuerza";19.1;2.7;5;"Experto";20.76
50;"Masculino";51.5;1.71;199;155;64;1.48;1136;"Yoga";20.9;2.9;2;"Principiante";17.61
31;"Femenino";63.1;1.64;184;125;51;1.54;962;"Cardio";19;2.7;4;"Experto";23.46
38;"Masculino";91.5;1.77;178;140;74;0.8;616;"Yoga";26.7;3.4;2;"Principiante";29.21
37;"Masculino";48.7;1.67;164;132;74;1.39;1009;"Yoga";27.3;3;2;"Principiante";17.46
25;"Femenino";57.8;1.56;170;156;66;1.35;1053;"Yoga";29.3;1.6;3;"Intermedio";23.75
24;"Femenino";42;1.75;174;144;55;0.83;598;"Fuerza";31.8;2.3;3;"Principiante";13.71
20;"Masculino";128.4;1.92;167;145;57;0.63;502;"Cardio";26.1;2;2;"Principiante";34.83
34;"Femenino";74.2;1.57;178;158;52;1.47;1161;"Cardio";32.7;2.4;3;"Principiante";30.1
50;"Masculino";89.6;1.68;182;139;74;1.79;1232;"Cardio";12.2;3.5;5;"Experto";31.75
29;"Masculino";125.9;2;186;152;67;1.36;1137;"Fuerza";24.7;3.1;4;"Intermedio";31.48
39;"Masculino";105.5;1.99;199;133;71;0.81;593;"HIIT";26.4;2.5;2;"Principiante";26.64
39;"Masculino";93.4;1.7;191;155;50;1.1;938;"Fuerza";21.1;2.5;4;"Intermedio";32.32
47;"Masculino";82.1;1.84;185;136;65;1.37;922;"Fuerza";24.4;3.4;4;"Intermedio";24.25
55;"Femenino";42.9;1.69;186;140;56;0.9;567;"Yoga";34.7;2.4;2;"Principiante";15.02
55;"Masculino";128.4;1.68;178;165;52;1.13;923;"Cardio";20.4;2.6;4;"Intermedio";45.49
25;"Masculino";112.4;1.96;188;135;72;1.42;1054;"Cardio";23.2;2.5;2;"Principiante";29.26
44;"Femenino";77.7;1.79;198;165;53;1.41;1047;"HIIT";28.1;2.2;3;"Principiante";24.25
44;"Masculino";89.3;1.99;192;135;58;1.4;936;"HIIT";26.3;2;4;"Intermedio";22.55
51;"Femenino";70.3;1.55;178;139;54;1.4;876;"Yoga";26.1;1.6;3;"Principiante";29.26
38;"Femenino";59.1;1.72;196;148;68;1.07;792;"Cardio";31.3;1.7;3;"Intermedio";19.98
47;"Femenino";49.9;1.69;178;147;64;1.48;979;"HIIT";26;1.7;3;"Intermedio";17.47
50;"Masculino";101.7;1.67;192;127;57;0.53;333;"HIIT";20.9;2.9;2;"Principiante";36.47
45;"Masculino";93;1.91;175;143;55;1.03;729;"Cardio";27.3;3.7;3;"Intermedio";25.49
50;"Masculino";87.4;1.6;182;122;67;0.77;465;"Fuerza";23.2;3.1;2;"Principiante";34.14
22;"Femenino";55.1;1.61;166;144;68;1.62;1166;"HIIT";19.9;2.7;4;"Experto";21.26
36;"Masculino";123.7;1.69;185;138;73;1.3;987;"Cardio";20.4;2.1;4;"Intermedio";43.31
21;"Femenino";61.3;1.57;191;152;64;1.94;1474;"HIIT";17.2;2.7;4;"Experto";24.87
52;"Masculino";72.3;1.94;171;121;56;1.46;874;"Yoga";21.1;2.9;3;"Intermedio";19.21
34;"Femenino";69.2;1.53;167;134;59;1.36;911;"HIIT";28.5;2.1;2;"Principiante";29.56
45;"Masculino";81.4;1.61;164;141;55;1.14;796;"Cardio";30;2.2;4;"Intermedio";31.4
47;"Masculino";84.8;1.86;187;129;63;1.85;1181;"HIIT";14.4;3.5;5;"Experto";24.51
46;"Masculino";55.1;1.72;164;137;66;1.43;970;"Yoga";20.5;3.6;3;"Intermedio";18.62
23;"Femenino";59;1.78;185;141;58;1.67;1177;"Yoga";17.8;2.7;5;"Experto";18.62
52;"Femenino";64.9;1.51;164;165;68;1.83;1359;"HIIT";18.2;2.7;4;"Experto";28.46
58;"Masculino";109.7;1.75;181;168;54;1.01;840;"HIIT";22.1;2.7;2;"Principiante";35.82
54;"Masculino";78.4;1.9;174;146;72;0.81;585;"Yoga";21.5;3.7;2;"Principiante";21.72
41;"Femenino";76.7;1.79;172;132;56;1.4;832;"Yoga";34;2;4;"Intermedio";23.94
46;"Femenino";63.1;1.61;187;152;68;1;684;"Fuerza";34.7;2.2;4;"Intermedio";24.34
48;"Femenino";62.9;1.58;192;124;69;1.98;1105;"Fuerza";20;2.7;4;"Experto";25.2
52;"Masculino";85.6;1.74;182;145;56;1.84;1321;"Yoga";13.9;3.5;4;"Experto";28.27
50;"Femenino";66.3;1.57;192;132;73;1.25;742;"HIIT";31.6;1.6;2;"Principiante";26.9
38;"Masculino";61.3;1.97;177;146;51;1.37;1100;"Cardio";23.5;2.8;3;"Principiante";15.8
49;"Femenino";44.1;1.65;189;133;74;1.16;694;"HIIT";26.7;1.8;4;"Intermedio";16.2
40;"Masculino";63.8;1.62;185;143;72;1.3;1022;"HIIT";20.8;3.4;2;"Principiante";24.31
50;"Femenino";55.4;1.55;175;122;65;1.85;1016;"Fuerza";18.5;2.7;4;"Experto";23.06
20;"Femenino";74.7;1.58;172;166;62;1.04;863;"Fuerza";32.8;2.4;3;"Intermedio";29.92
35;"Femenino";78;1.67;198;168;57;1.13;949;"Fuerza";33.3;2.5;4;"Intermedio";27.97
42;"Femenino";57.5;1.67;192;149;55;1.14;764;"Yoga";34.1;2.4;2;"Principiante";20.62
59;"Femenino";60.7;1.73;185;154;55;1.03;714;"Yoga";33.8;2.5;3;"Intermedio";20.28
48;"Masculino";69;1.74;160;167;58;1.48;1223;"HIIT";30;2.3;3;"Intermedio";22.79
20;"Femenino";75.8;1.78;197;133;53;1.42;944;"HIIT";27.4;2;4;"Intermedio";23.92
57;"Femenino";75.7;1.63;161;131;60;0.69;407;"Cardio";32.6;2.3;3;"Principiante";28.49
41;"Femenino";71.2;1.64;165;147;54;1.42;939;"HIIT";30.9;2.3;3;"Intermedio";26.47
49;"Masculino";85;1.68;197;163;74;1.82;1468;"HIIT";11.3;3.5;4;"Experto";30.12
39;"Femenino";63.6;1.56;183;148;66;1.22;903;"Fuerza";34.8;2.4;2;"Principiante";26.13
40;"Masculino";73.2;1.94;177;162;69;0.81;722;"Fuerza";29;2.4;2;"Principiante";19.45
19;"Femenino";48.3;1.52;186;136;56;0.96;653;"Fuerza";26.3;1.6;2;"Principiante";20.91
44;"Femenino";42.8;1.78;167;159;64;1.49;1066;"Fuerza";25.3;2.6;3;"Intermedio";13.51
59;"Masculino";88.1;1.76;187;168;74;1.35;1123;"Fuerza";26.9;3;3;"Intermedio";28.44
19;"Femenino";72.4;1.75;169;140;64;1.2;840;"Cardio";31;1.7;4;"Intermedio";23.64
43;"Masculino";73.2;1.88;176;142;63;1.17;822;"Cardio";29.4;3.3;3;"Principiante";20.71
34;"Masculino";110.5;1.86;188;139;62;1.42;1086;"Cardio";22.3;3.6;2;"Principiante";31.94
57;"Femenino";46.1;1.76;165;130;60;1.44;842;"Fuerza";25.8;1.7;3;"Intermedio";14.88
50;"Masculino";90.8;1.71;173;153;62;1.07;810;"Yoga";22.6;3.4;4;"Intermedio";31.05
26;"Femenino";59.3;1.51;181;129;71;1.7;1096;"Fuerza";15.1;2.7;5;"Experto";26.01
56;"Femenino";45.1;1.73;165;129;73;0.83;482;"Fuerza";25.4;2.6;3;"Principiante";15.07
46;"Masculino";45;1.77;185;162;58;1.48;1187;"Cardio";29.1;3.6;3;"Intermedio";14.36
59;"Masculino";89.4;1.62;198;125;59;1.43;885;"Fuerza";23.5;3.6;3;"Intermedio";34.06
43;"Masculino";127.7;1.69;171;155;53;1.14;875;"Cardio";24.1;2.9;3;"Intermedio";44.71
52;"Masculino";70.9;1.72;194;143;66;1.31;927;"Fuerza";20.2;2.6;3;"Intermedio";23.97
42;"Femenino";49.2;1.5;173;131;63;1.15;678;"HIIT";27.7;1.5;3;"Intermedio";21.87
41;"Femenino";62.3;1.79;181;162;73;1.99;1451;"Yoga";19;2.7;5;"Experto";19.44
30;"Masculino";64.1;1.87;182;142;67;0.64;500;"Yoga";26.2;2.1;2;"Principiante";18.33
24;"Femenino";69.7;1.75;166;146;60;1.41;1029;"Cardio";32.5;2;3;"Principiante";22.76
53;"Femenino";56.9;1.59;199;164;65;1.49;1100;"HIIT";29.5;2;3;"Intermedio";22.51
37;"Femenino";53;1.71;184;156;50;1.13;881;"Yoga";28.1;1.7;4;"Intermedio";18.13
18;"Femenino";72.7;1.55;172;125;56;0.84;525;"Cardio";29.8;2;3;"Principiante";30.26
25;"Masculino";76.5;1.96;180;120;59;0.67;442;"Fuerza";23.2;2.3;3;"Principiante";19.91
33;"Masculino";113.6;1.99;169;125;58;1.38;949;"Fuerza";28.4;3.4;2;"Principiante";28.69
31;"Femenino";62.5;1.62;168;169;74;1.56;1318;"HIIT";16.5;2.7;4;"Experto";23.81
29;"Masculino";95.2;1.86;174;141;52;0.64;496;"Yoga";26.6;2.5;2;"Principiante";27.52
40;"Masculino";51.7;1.82;161;160;71;0.9;792;"Fuerza";21.4;3;3;"Principiante";15.61
32;"Masculino";105.3;1.67;184;143;72;0.57;448;"Cardio";26.9;2.9;3;"Principiante";37.76
45;"Femenino";71.2;1.68;172;144;63;1.37;888;"Fuerza";34.1;1.6;3;"Principiante";25.23
51;"Femenino";78.1;1.51;193;134;74;0.92;555;"Fuerza";31.1;2.6;3;"Principiante";34.25
19;"Femenino";50.6;1.68;193;145;64;1.21;877;"Yoga";30.6;2.1;3;"Intermedio";17.93
49;"Masculino";70.2;1.89;194;127;51;0.7;440;"Yoga";29.6;2.6;3;"Principiante";19.65
40;"Femenino";62.6;1.53;197;143;73;1.93;1380;"Cardio";18.1;2.7;5;"Experto";26.74
39;"Femenino";60.6;1.65;162;167;63;0.92;768;"HIIT";27.6;1.7;3;"Principiante";22.26
42;"Masculino";76.4;1.97;165;157;65;1.14;886;"HIIT";22.9;2.6;3;"Intermedio";19.69
39;"Femenino";63.3;1.71;178;125;56;1.88;1175;"Fuerza";18.5;2.7;4;"Experto";21.65
39;"Femenino";68.6;1.64;162;154;53;1.33;1024;"Cardio";32.4;1.5;3;"Intermedio";25.51
59;"Masculino";123.3;1.88;177;161;67;1.3;1036;"HIIT";23;2.6;4;"Intermedio";34.89
23;"Masculino";107;1.94;198;120;73;1.35;891;"HIIT";23.5;2.9;2;"Principiante";28.43
32;"Masculino";68.3;1.92;168;165;54;1.42;1289;"Fuerza";29.9;3.5;2;"Principiante";18.53
54;"Femenino";47.8;1.6;171;155;55;1.19;830;"Cardio";26;2.3;4;"Intermedio";18.67
50;"Femenino";58.4;1.79;164;131;56;1.6;943;"HIIT";17;2.7;4;"Experto";18.23
25;"Femenino";74.3;1.71;162;157;64;1.43;1123;"Yoga";25.6;1.6;3;"Intermedio";25.41
22;"Masculino";106.8;1.82;170;130;50;1;715;"Yoga";28.2;2.3;4;"Intermedio";32.24
56;"Masculino";125.5;1.8;189;131;73;1.26;817;"Fuerza";20.9;2.7;4;"Intermedio";38.73
21;"Femenino";55.2;1.55;163;161;53;1.37;1103;"Fuerza";31.7;1.7;4;"Intermedio";22.98
23;"Femenino";71.4;1.72;164;169;74;1.25;1056;"Fuerza";25.6;1.5;2;"Principiante";24.13
49;"Masculino";77.7;1.61;160;158;50;1.03;806;"Fuerza";26.7;3.4;3;"Intermedio";29.98
47;"Masculino";88.4;1.6;186;126;60;1.86;1160;"HIIT";14.2;3.5;5;"Experto";34.53
52;"Masculino";104.8;1.99;187;130;67;0.93;598;"Cardio";24;2;2;"Principiante";26.46
57;"Masculino";82.2;1.69;188;155;63;1.15;882;"Fuerza";25.2;3.4;4;"Intermedio";28.78
33;"Femenino";68.2;1.75;177;150;71;0.85;638;"Fuerza";29;1.7;2;"Principiante";22.27
30;"Masculino";91.4;1.99;171;152;60;1.37;1145;"HIIT";23;3.7;3;"Intermedio";23.08
59;"Femenino";42.1;1.65;172;132;59;1.22;725;"Fuerza";33;2.2;2;"Principiante";15.46
47;"Femenino";68.7;1.76;161;137;66;1.37;845;"Fuerza";27.7;2.4;3;"Intermedio";22.18
36;"Femenino";47.2;1.74;196;160;53;1.5;1200;"Cardio";32.2;1.6;4;"Intermedio";15.59
34;"Masculino";92;1.76;175;143;73;0.73;574;"Yoga";22.1;3.5;3;"Principiante";29.7
36;"Masculino";56.2;1.95;183;128;64;1.09;767;"Fuerza";22.5;3.4;4;"Intermedio";14.78
45;"Masculino";58.4;1.72;194;150;65;1.31;973;"HIIT";23.4;3.1;4;"Intermedio";19.74
43;"Masculino";82.9;1.95;181;160;70;1.9;1505;"Cardio";12.9;3.5;5;"Experto";21.8
54;"Femenino";66.9;1.74;195;129;62;1.24;720;"HIIT";29.5;2.1;2;"Principiante";22.1
43;"Masculino";66.3;1.85;170;121;58;1.18;707;"Cardio";27.5;3.2;2;"Principiante";19.37
40;"Masculino";93.6;1.93;188;157;60;1.38;1192;"Cardio";22.1;2;3;"Principiante";25.13
26;"Femenino";64.1;1.5;194;134;60;1.93;1293;"Fuerza";15.1;2.7;5;"Experto";28.49
29;"Masculino";86.7;1.62;174;122;55;1.52;1020;"Fuerza";13.9;3.5;4;"Experto";33.04
18;"Femenino";62;1.59;190;162;50;1.23;996;"Fuerza";33.2;2.2;4;"Intermedio";24.52
18;"Femenino";58.1;1.61;175;150;71;1.9;1425;"Yoga";15.3;2.7;4;"Experto";22.41
51;"Femenino";64.9;1.6;169;125;55;1.49;838;"Yoga";31.1;2.5;4;"Intermedio";25.35
49;"Femenino";69.3;1.62;191;122;62;1.14;626;"HIIT";28.8;1.9;4;"Intermedio";26.41
42;"Femenino";42.7;1.74;161;130;71;1.04;608;"Fuerza";32.9;1.6;3;"Principiante";14.1
57;"Femenino";51.4;1.63;183;134;73;1.2;724;"Yoga";33.7;2;4;"Intermedio";19.35
18;"Femenino";67.4;1.6;182;164;71;0.6;492;"Fuerza";33.5;2.4;3;"Principiante";26.33
33;"Femenino";55.6;1.61;161;147;54;1.77;1301;"Yoga";18.9;2.7;4;"Experto";21.45
56;"Masculino";125.3;1.86;197;129;64;1;639;"Yoga";22.7;2.2;3;"Intermedio";36.22
22;"Masculino";102.1;1.85;190;157;67;1.48;1278;"Cardio";28.1;2.4;4;"Intermedio";29.83
39;"Masculino";61.9;1.77;199;166;69;1.32;1205;"Fuerza";25.3;2.3;3;"Principiante";19.76
46;"Masculino";108.8;1.64;185;169;63;1.4;1171;"Fuerza";20.5;3.4;3;"Principiante";40.45
20;"Femenino";51.1;1.58;188;169;64;0.5;422;"Yoga";29.6;1.6;2;"Principiante";20.47
29;"Masculino";81.7;1.99;162;126;54;1.45;1005;"Fuerza";29.4;3.2;2;"Principiante";20.63
43;"Femenino";42.7;1.66;173;134;53;0.73;440;"Yoga";33.9;1.9;2;"Principiante";15.5
33;"Masculino";81.8;1.99;184;137;51;1.59;1198;"Fuerza";10.5;3.5;4;"Experto";20.66
54;"Masculino";54.6;1.76;160;137;56;1.28;868;"Cardio";27.4;3.3;4;"Intermedio";17.63
39;"Masculino";107.7;1.88;162;160;59;0.72;634;"Fuerza";28.1;3.6;2;"Principiante";30.47
46;"Femenino";56.9;1.6;185;143;65;0.88;566;"Cardio";27.7;1.6;3;"Principiante";22.23
31;"Masculino";78.8;1.71;177;121;59;1.49;992;"HIIT";24.7;2.5;4;"Intermedio";26.95
45;"Femenino";48.2;1.64;168;159;67;1.25;894;"Fuerza";32.1;2.5;4;"Intermedio";17.92
22;"Femenino";50.7;1.59;197;139;66;1.27;883;"Fuerza";29.4;1.8;3;"Intermedio";20.05
47;"Masculino";86.6;1.99;182;153;70;1.98;1500;"Fuerza";10.6;3.5;4;"Experto";21.87
22;"Masculino";96.3;1.63;180;162;62;1.35;1203;"Cardio";27.1;2.4;4;"Intermedio";36.25
29;"Masculino";80.8;1.98;160;145;50;1.65;1316;"Fuerza";14.6;3.5;5;"Experto";20.61
33;"Femenino";58;1.53;180;126;50;1.84;1159;"Fuerza";18.3;2.7;5;"Experto";24.78
43;"Masculino";95.9;1.85;186;157;64;1.28;995;"Yoga";27.7;3.4;2;"Principiante";28.02
43;"Femenino";61.5;1.58;165;149;50;1.86;1247;"HIIT";16.8;2.7;5;"Experto";24.64
38;"Femenino";40.6;1.79;195;161;55;0.62;499;"Cardio";26.8;2.7;2;"Principiante";12.67
56;"Masculino";82.5;1.87;187;124;74;1.51;927;"Yoga";13.2;3.5;5;"Experto";23.59
53;"Masculino";105.1;1.84;176;130;62;0.69;444;"Cardio";23.3;2.9;3;"Principiante";31.04
50;"Femenino";58.1;1.58;199;120;50;1.93;1042;"Yoga";19.3;2.7;5;"Experto";23.27
47;"Femenino";61;1.76;162;153;54;1.54;1060;"HIIT";15.6;2.7;5;"Experto";19.69
54;"Femenino";64.5;1.53;171;120;58;1.74;940;"Yoga";17.2;2.7;4;"Experto";27.55
40;"Masculino";58.2;1.98;198;138;74;1.43;1085;"Cardio";24;2.5;3;"Intermedio";14.85
27;"Femenino";69.5;1.76;171;121;66;0.94;569;"Fuerza";34.4;2;3;"Principiante";22.44
22;"Masculino";62.2;1.84;161;140;65;0.51;393;"Fuerza";21.5;2.3;3;"Principiante";18.37
53;"Femenino";68;1.7;181;139;57;1.06;663;"HIIT";25.1;2.4;4;"Intermedio";23.53
51;"Femenino";56.3;1.5;182;142;66;1.43;914;"Cardio";27.4;2.4;3;"Principiante";25.02
48;"Masculino";94.5;1.7;189;140;64;1.01;700;"Cardio";28.2;3.5;3;"Intermedio";32.7
27;"Femenino";58;1.79;164;143;73;1.39;994;"Cardio";27.1;1.5;2;"Principiante";18.1
36;"Masculino";84;1.94;168;123;50;1.8;1218;"HIIT";11.2;3.5;5;"Experto";22.32
49;"Masculino";61;1.87;180;131;61;1.14;739;"Fuerza";21.3;3;4;"Intermedio";17.44
18;"Femenino";64.8;1.53;170;141;54;1.98;1396;"Yoga";18.6;2.7;5;"Experto";27.68
22;"Masculino";45.7;1.77;164;139;73;1.04;795;"HIIT";20.7;2.4;3;"Principiante";14.59
21;"Masculino";80.9;1.9;194;137;55;1.8;1356;"Yoga";11.7;3.5;4;"Experto";22.41
33;"Femenino";64.1;1.63;186;120;74;1.58;948;"Fuerza";16.4;2.7;5;"Experto";24.13
41;"Masculino";67;1.77;161;149;50;1.22;900;"HIIT";25.6;2.6;3;"Intermedio";21.39
33;"Masculino";106.5;1.6;183;152;74;1.4;1170;"Fuerza";27.3;3.3;4;"Intermedio";41.6
19;"Masculino";95.1;1.85;190;143;50;1.21;952;"Yoga";25.3;2.3;4;"Intermedio";27.79
45;"Femenino";65.5;1.57;192;133;59;0.66;395;"Cardio";34.3;2.3;2;"Principiante";26.57
49;"Masculino";105.7;1.64;198;155;59;1.2;921;"Cardio";29.5;3.1;3;"Intermedio";39.3
44;"Femenino";48;1.76;189;124;52;0.88;491;"Yoga";28.6;2.6;2;"Principiante";15.5
37;"Femenino";69.5;1.5;196;130;66;0.69;448;"Cardio";32.8;2.4;2;"Principiante";30.89
41;"Masculino";66.1;1.69;187;143;68;0.77;545;"Yoga";27.4;3.4;2;"Principiante";23.14
29;"Masculino";68;1.7;190;150;60;0.76;627;"HIIT";28.9;2.9;2;"Principiante";23.53
52;"Masculino";50.3;1.78;170;132;67;0.85;555;"HIIT";24.5;2.3;2;"Principiante";15.88
50;"Femenino";69.3;1.68;182;135;51;1.2;729;"HIIT";30.3;2;2;"Principiante";24.55
50;"Masculino";86.7;1.63;161;143;58;1.7;1203;"Cardio";12.1;3.5;4;"Experto";32.63
54;"Masculino";125.9;1.94;199;132;73;1.35;882;"Fuerza";28.5;2.9;3;"Intermedio";33.45
29;"Masculino";88.1;1.93;186;143;66;1.88;1479;"Cardio";11.1;3.5;5;"Experto";23.65
20;"Masculino";124.3;1.82;194;145;63;1.25;997;"Cardio";22.4;3.2;3;"Intermedio";37.53
18;"Masculino";62;1.85;161;121;53;0.88;586;"Fuerza";23.7;3;3;"Principiante";18.12
50;"Femenino";69.7;1.72;198;135;66;1.24;753;"Fuerza";27.3;2;4;"Intermedio";23.56
57;"Femenino";60.9;1.52;196;157;66;1.31;926;"Fuerza";30.6;1.8;3;"Intermedio";26.36
27;"Masculino";76.5;1.97;180;165;61;1.13;1025;"Fuerza";21.3;2.3;2;"Principiante";19.71
46;"Masculino";94.7;1.82;164;120;69;1.47;873;"Cardio";23.2;3.2;3;"Intermedio";28.59
30;"Masculino";67.9;1.75;180;168;67;1.25;1155;"Yoga";29.1;3.1;2;"Principiante";22.17
29;"Masculino";121.1;1.87;188;130;52;1.31;937;"HIIT";24.1;3.2;4;"Intermedio";34.63
48;"Femenino";71.5;1.64;179;154;60;1.46;1012;"Yoga";32.5;1.9;4;"Intermedio";26.58
19;"Masculino";98.6;1.7;197;162;74;0.83;740;"Cardio";21.1;2.4;2;"Principiante";34.12
52;"Femenino";68.2;1.63;179;148;67;1.17;779;"Fuerza";27.5;2.4;3;"Principiante";25.67
40;"Femenino";57.7;1.69;184;156;53;1.18;920;"HIIT";33.1;2.4;4;"Intermedio";20.2
34;"Masculino";124.6;1.63;161;136;66;1.41;1055;"HIIT";27.6;2.8;3;"Intermedio";46.9
43;"Femenino";73;1.59;191;158;67;1.31;931;"Yoga";28.9;2.2;3;"Principiante";28.88
25;"Femenino";59.4;1.51;185;161;54;1.62;1304;"Cardio";19.8;2.7;5;"Experto";26.05
46;"Femenino";52;1.65;165;147;63;0.7;463;"Cardio";34.1;1.9;2;"Principiante";19.1
43;"Femenino";42.2;1.65;162;148;59;1.33;886;"Cardio";34.6;2.3;3;"Intermedio";15.5
27;"Masculino";89.3;1.64;192;162;64;1.82;1622;"HIIT";12.1;3.5;4;"Experto";33.2
43;"Masculino";110;1.76;160;122;50;1.09;658;"Yoga";22;3.4;3;"Principiante";35.51
51;"Femenino";66.2;1.58;164;129;65;0.86;499;"HIIT";31.3;2.3;3;"Principiante";26.52
58;"Masculino";58.6;1.66;172;161;60;1.21;964;"HIIT";26.8;2.9;2;"Principiante";21.27
24;"Masculino";51;1.67;178;133;72;0.97;710;"Fuerza";21.3;2.8;3;"Principiante";18.29
21;"Masculino";101.5;1.95;171;131;69;0.97;699;"Yoga";27.9;3.1;3;"Principiante";26.69
28;"Masculino";114.2;1.87;184;166;55;1.05;959;"Fuerza";20.2;3.2;3;"Intermedio";32.66
46;"Masculino";54.4;1.72;194;161;73;0.91;725;"Cardio";24.8;2.9;2;"Principiante";18.39
53;"Femenino";52.4;1.57;171;149;71;1.34;898;"HIIT";28.3;2.2;3;"Intermedio";21.26
42;"Masculino";85.2;1.81;189;151;65;1.54;1151;"Yoga";13.7;3.5;5;"Experto";26.01
38;"Masculino";83.6;1.74;164;151;51;1.66;1379;"Cardio";11.6;3.5;5;"Experto";27.61
53;"Masculino";115.4;1.92;193;161;50;1.36;1084;"Yoga";28.3;2.2;4;"Intermedio";31.3
27;"Masculino";71.2;1.97;181;151;73;0.74;615;"HIIT";25.9;3.6;3;"Principiante";18.35
54;"Femenino";78.1;1.6;198;145;73;1.1;718;"Yoga";32.9;2.4;4;"Intermedio";30.51
26;"Femenino";54.2;1.65;172;120;58;1.07;642;"Cardio";34.9;1.9;4;"Intermedio";19.91
41;"Femenino";77.6;1.76;162;161;71;1.27;920;"Fuerza";31.8;2.2;4;"Intermedio";25.05
52;"Femenino";44.1;1.62;179;121;61;1.41;768;"HIIT";34.8;1.6;3;"Principiante";16.8
52;"Masculino";85.5;1.8;190;136;66;1.7;1144;"Fuerza";10.1;3.5;5;"Experto";26.39
53;"Femenino";47.8;1.76;164;149;74;1.06;711;"HIIT";28.4;1.5;4;"Intermedio";15.43
35;"Masculino";102.5;1.94;183;158;64;0.84;730;"Cardio";21.1;2.4;2;"Principiante";27.23
56;"Masculino";118;1.9;199;126;68;0.66;412;"HIIT";22.6;3.2;2;"Principiante";32.69
49;"Masculino";82.3;1.84;192;146;71;1.29;932;"Fuerza";28.4;3.4;4;"Intermedio";24.31
41;"Masculino";81.6;1.87;167;128;59;1.87;1185;"HIIT";10.2;3.5;5;"Experto";23.33
40;"Masculino";60.2;1.88;183;141;61;1.22;946;"Cardio";25.2;3;3;"Intermedio";17.03
49;"Femenino";49.2;1.54;179;153;63;1.28;881;"HIIT";30.7;2.1;3;"Intermedio";20.75
54;"Femenino";46.6;1.5;175;165;58;1.38;1025;"Fuerza";30.6;2;2;"Principiante";20.71
29;"Femenino";68.7;1.72;171;168;62;1.08;907;"Cardio";29.8;1.7;4;"Intermedio";23.22
30;"Femenino";60.6;1.55;172;120;52;1.3;780;"Fuerza";32.9;1.6;3;"Intermedio";25.22
40;"Masculino";52.1;1.61;198;128;70;0.87;612;"HIIT";21.3;3.3;2;"Principiante";20.1
42;"Femenino";46.6;1.77;184;139;63;0.61;382;"Yoga";28.1;2.6;2;"Principiante";14.87
52;"Masculino";65.5;1.74;191;138;70;1.48;1011;"Fuerza";26.2;2.8;4;"Intermedio";21.63
58;"Femenino";44.2;1.57;183;155;59;1.08;753;"HIIT";31.9;2.3;3;"Principiante";17.93
47;"Masculino";89.1;1.84;168;159;65;1.44;1133;"Yoga";24;3.6;3;"Intermedio";26.32
34;"Masculino";65.9;1.62;199;164;56;0.81;731;"Yoga";28.8;2.2;2;"Principiante";25.11
37;"Femenino";55.6;1.57;182;123;53;0.97;597;"Cardio";29.2;2.4;2;"Principiante";22.56
42;"Masculino";63.7;1.98;172;128;69;1.37;868;"Yoga";24;3;2;"Principiante";16.25
39;"Masculino";86.2;1.82;191;160;72;1.96;1725;"Fuerza";10.2;3.5;5;"Experto";26.02
30;"Femenino";59.2;1.63;174;141;74;1.85;1304;"Fuerza";17.8;2.7;4;"Experto";22.28
36;"Masculino";85.4;1.88;195;137;60;1.98;1492;"Yoga";13.5;3.5;5;"Experto";24.16
53;"Femenino";68.1;1.55;164;131;65;1.41;831;"HIIT";26.1;2.2;4;"Intermedio";28.35
29;"Femenino";60;1.62;181;161;69;0.85;684;"Fuerza";28.1;1.9;2;"Principiante";22.86
58;"Femenino";74.8;1.69;175;162;53;1.28;933;"Fuerza";32.8;2.3;4;"Intermedio";26.19
36;"Masculino";90.3;1.65;169;158;71;1.38;1199;"Cardio";23.7;3.4;4;"Intermedio";33.17
29;"Masculino";86.1;1.65;183;128;71;1.66;1169;"HIIT";11.2;3.5;4;"Experto";31.63
26;"Masculino";73.7;1.66;177;125;72;0.93;639;"Yoga";26.7;2.2;2;"Principiante";26.75
24;"Femenino";67.7;1.56;177;138;66;1.42;980;"HIIT";27;2.1;3;"Intermedio";27.82
45;"Masculino";78.3;1.96;166;167;62;1.29;1066;"Cardio";29;2.2;3;"Principiante";20.38
31;"Femenino";48.2;1.65;163;166;60;1.1;913;"Cardio";26.1;2.5;2;"Principiante";17.7
48;"Femenino";56.8;1.51;185;126;52;1.37;777;"HIIT";32.1;2.1;4;"Intermedio";24.91
36;"Masculino";112.4;1.63;164;135;58;1.02;757;"Cardio";25;3.4;4;"Intermedio";42.3
33;"Femenino";59;1.67;175;124;55;0.9;558;"Cardio";33.7;1.9;3;"Principiante";21.16
22;"Masculino";98.4;1.88;194;135;71;0.52;386;"Cardio";21.3;2.2;2;"Principiante";27.84
52;"Masculino";66.5;1.6;185;120;70;1.34;796;"HIIT";26.8;2.1;4;"Intermedio";25.98
29;"Masculino";106.5;1.81;177;156;60;1.29;1107;"Cardio";25.7;2.5;4;"Intermedio";32.51
42;"Masculino";88.4;1.93;188;158;65;1.68;1314;"Yoga";12.4;3.5;4;"Experto";23.73
38;"Masculino";88.4;1.79;182;138;68;1.74;1321;"Yoga";12.5;3.5;5;"Experto";27.59
53;"Femenino";53.3;1.74;173;156;54;1.37;962;"Fuerza";32.2;1.8;3;"Intermedio";17.6
40;"Femenino";58.1;1.56;174;136;63;0.61;415;"Yoga";34.4;2.2;2;"Principiante";23.87
33;"Femenino";74.2;1.76;192;145;66;1.15;834;"Fuerza";25.9;1.5;4;"Intermedio";23.95
56;"Masculino";84.6;1.63;184;141;52;1.01;705;"HIIT";20.2;2.9;4;"Intermedio";31.84
59;"Masculino";78;1.92;180;127;53;0.72;453;"Cardio";28.1;2.7;3;"Principiante";21.16
56;"Masculino";89;1.68;176;152;65;1.77;1332;"Yoga";10.5;3.5;5;"Experto";31.53
31;"Femenino";42.7;1.76;182;121;65;1.46;883;"Fuerza";34.9;2.2;3;"Principiante";13.78
48;"Masculino";83.9;1.82;176;149;70;1.9;1401;"HIIT";13.1;3.5;5;"Experto";25.33
22;"Femenino";78.7;1.52;173;166;74;1.45;1204;"Fuerza";31.5;2.3;3;"Intermedio";34.06
52;"Femenino";65.9;1.52;188;139;53;1.27;794;"Cardio";27;2.3;4;"Intermedio";28.52
40;"Masculino";76.9;1.92;179;137;68;1.13;851;"Yoga";22.4;3.7;4;"Intermedio";20.86
46;"Masculino";84.3;2;189;162;66;1.83;1467;"HIIT";13.3;3.5;5;"Experto";21.07
28;"Femenino";62.4;1.6;178;129;62;1.1;710;"Fuerza";34.1;1.7;3;"Intermedio";24.37
35;"Masculino";63.7;1.74;198;143;71;1.03;810;"HIIT";29.8;2.7;4;"Intermedio";21.04
29;"Femenino";54.9;1.52;172;123;72;1.48;910;"Fuerza";27;2;3;"Principiante";23.76
26;"Masculino";76.4;1.79;177;156;73;1.17;1004;"Fuerza";21.3;2.7;3;"Intermedio";23.84
27;"Masculino";106.4;1.86;182;123;50;1.34;907;"Cardio";20.6;3.1;2;"Principiante";30.76
34;"Femenino";68.4;1.5;192;132;61;1.37;904;"Cardio";33.7;2.1;4;"Intermedio";30.4
55;"Masculino";63.5;1.86;198;144;53;1.36;969;"Fuerza";22.9;2.9;4;"Intermedio";18.35
24;"Femenino";59.4;1.5;199;132;60;1.25;825;"Yoga";25;2;3;"Intermedio";26.4
30;"Masculino";113.4;1.91;177;137;54;1.27;957;"HIIT";22.2;3.7;3;"Principiante";31.08
57;"Femenino";61.9;1.52;168;143;51;0.92;592;"HIIT";28.4;2.6;3;"Principiante";26.79
59;"Femenino";70.7;1.68;192;121;66;1.17;637;"Cardio";34.9;1.9;3;"Intermedio";25.05
26;"Masculino";111.5;1.9;191;167;57;1.02;937;"Yoga";25.2;2.2;2;"Principiante";30.89
44;"Femenino";72.1;1.66;176;152;55;1.4;958;"Fuerza";27;2.5;2;"Principiante";26.16
19;"Masculino";56.9;1.87;178;138;70;0.61;463;"Cardio";23.3;3.7;3;"Principiante";16.27
22;"Masculino";86.2;1.9;186;128;58;1.91;1345;"Fuerza";11.7;3.5;5;"Experto";23.88
46;"Masculino";59.4;1.68;165;147;62;1.16;844;"Fuerza";20.2;2.5;4;"Intermedio";21.05
54;"Femenino";75.6;1.72;194;154;60;0.97;672;"Cardio";26.4;1.9;3;"Principiante";25.55
55;"Femenino";76.3;1.73;196;158;65;1.08;768;"Yoga";32;2.6;3;"Principiante";25.49
36;"Masculino";95.8;1.86;193;129;65;1.37;972;"HIIT";21.2;3.2;3;"Principiante";27.69
25;"Masculino";120.6;1.83;179;120;51;1.04;686;"Cardio";22.3;2.5;3;"Intermedio";36.01
18;"Femenino";65.3;1.55;184;161;59;1.42;1143;"Yoga";28.5;2.2;3;"Intermedio";27.18
39;"Masculino";85.3;1.89;163;140;61;0.77;593;"Fuerza";27.6;3.6;2;"Principiante";23.88
34;"Masculino";68;1.68;169;128;57;0.67;472;"Cardio";25.8;3.4;2;"Principiante";24.09
24;"Femenino";52.6;1.57;169;166;60;1.29;1071;"HIIT";31.9;2.4;2;"Principiante";21.34
42;"Masculino";63.3;1.77;183;134;59;1.32;876;"HIIT";25.7;3.3;3;"Intermedio";20.2
21;"Femenino";76.3;1.65;180;154;62;1.14;878;"Fuerza";31.8;1.7;3;"Intermedio";28.03
53;"Masculino";61;1.63;170;124;74;0.54;331;"Cardio";20;3.4;3;"Principiante";22.96
23;"Femenino";67.8;1.61;186;160;66;1.34;1072;"HIIT";34.3;1.8;2;"Principiante";26.16
48;"Masculino";114.9;1.86;175;141;56;1.36;949;"Cardio";21.1;3.6;3;"Principiante";33.21
36;"Masculino";88;1.71;185;160;73;1.87;1646;"HIIT";12;3.5;5;"Experto";30.09
56;"Femenino";67.7;1.58;189;142;52;1.45;927;"Fuerza";32.7;1.9;2;"Principiante";27.12
44;"Masculino";124.8;1.85;175;126;69;1.35;842;"Fuerza";24.4;3.5;4;"Intermedio";36.46
27;"Femenino";53;1.58;166;142;62;1.26;895;"Cardio";34.5;1.8;4;"Intermedio";21.23
43;"Masculino";61.2;1.88;175;163;68;1.03;831;"Yoga";24.7;2.9;3;"Principiante";17.32
36;"Femenino";48.7;1.68;194;144;56;1.23;886;"Yoga";33.7;1.6;3;"Principiante";17.25
56;"Femenino";50.6;1.7;175;146;58;1.29;848;"Fuerza";33.1;2.3;2;"Principiante";17.51
20;"Femenino";72.6;1.73;199;160;68;1.27;1016;"HIIT";34.8;2.5;3;"Intermedio";24.26
30;"Femenino";70.4;1.56;171;125;62;1.03;644;"Yoga";34.3;2.4;4;"Intermedio";28.93
45;"Masculino";52.5;1.88;194;153;71;1.08;818;"Fuerza";29;2.9;4;"Intermedio";14.85
37;"Masculino";76.3;1.77;180;128;57;1.36;957;"HIIT";27.3;2.1;4;"Intermedio";24.35
45;"Femenino";41.2;1.58;195;168;71;1.47;1111;"HIIT";28.7;2.6;2;"Principiante";16.5
25;"Femenino";55.3;1.76;176;152;67;1.56;1186;"Yoga";15.5;2.7;4;"Experto";17.85
58;"Femenino";49.7;1.67;191;125;72;1.38;776;"Fuerza";31.9;2.3;4;"Intermedio";17.82
56;"Masculino";48.3;1.87;165;156;51;0.68;525;"HIIT";29.8;3.3;3;"Principiante";13.81
18;"Masculino";83.2;1.96;183;150;67;1.83;1510;"HIIT";13.6;3.5;4;"Experto";21.66
20;"Masculino";120.5;1.73;186;153;67;1.01;850;"Cardio";29.3;3.4;3;"Intermedio";40.26
30;"Masculino";121.6;2;179;160;60;1.24;1091;"Cardio";28;3.3;4;"Intermedio";30.4
45;"Femenino";73;1.75;184;148;50;1.14;759;"Yoga";26.6;2;4;"Intermedio";23.84
42;"Femenino";57.5;1.67;161;133;63;1.76;1053;"Cardio";16.2;2.7;5;"Experto";20.62
50;"Femenino";42.7;1.53;168;155;65;1.41;983;"Fuerza";28.4;2.4;4;"Intermedio";18.24
55;"Masculino";129.9;1.73;187;155;60;0.69;529;"Yoga";21.7;3.1;3;"Principiante";43.4
23;"Masculino";108.6;1.92;197;134;50;0.89;656;"Yoga";25.8;3.5;2;"Principiante";29.46
49;"Masculino";88.6;2;162;127;56;1.83;1150;"Cardio";14.9;3.5;4;"Experto";22.15
38;"Femenino";49.7;1.51;179;145;65;1.25;906;"HIIT";32.6;2.5;3;"Principiante";21.8
33;"Femenino";56.4;1.54;165;155;63;1.06;822;"Fuerza";29.2;1.5;3;"Principiante";23.78
38;"Masculino";46.9;1.74;198;167;64;1.03;946;"Fuerza";20;2.6;4;"Intermedio";15.49
28;"Femenino";71.3;1.67;192;140;63;1.46;1022;"Fuerza";28.1;1.5;4;"Intermedio";25.57
54;"Masculino";71.6;1.86;160;147;70;1.14;830;"Yoga";25.3;2.2;3;"Intermedio";20.7
53;"Masculino";82.3;1.61;196;123;60;1.87;1139;"Fuerza";11.6;3.5;5;"Experto";31.75
52;"Femenino";70.6;1.69;165;135;65;1.36;826;"HIIT";26.1;2.2;3;"Principiante";24.72
36;"Masculino";109.8;1.62;193;141;68;0.84;651;"HIIT";24.4;3.5;3;"Principiante";41.84
37;"Femenino";73.5;1.69;174;131;66;0.54;354;"Cardio";27.5;1.6;2;"Principiante";25.73
35;"Masculino";85.6;1.85;185;135;55;1.78;1322;"Fuerza";14.5;3.5;5;"Experto";25.01
58;"Femenino";74.6;1.68;173;159;60;1.03;737;"Yoga";26;2;4;"Intermedio";26.43
31;"Femenino";63.2;1.8;166;157;66;0.59;463;"Cardio";25.5;2.6;2;"Principiante";19.51
32;"Femenino";62.6;1.63;190;161;58;1.67;1344;"HIIT";15;2.7;5;"Experto";23.56
48;"Masculino";87.1;1.76;183;156;67;1.81;1398;"Fuerza";11.6;3.5;5;"Experto";28.12
18;"Masculino";82.3;1.84;190;148;66;1.73;1408;"HIIT";13.3;3.5;5;"Experto";24.31
20;"Femenino";64.3;1.78;188;137;61;1.71;1171;"Cardio";18.7;2.7;4;"Experto";20.29
33;"Femenino";53.7;1.66;191;129;72;1.25;806;"HIIT";29.5;2.5;3;"Principiante";19.49
40;"Masculino";63;2;176;161;71;1.42;1257;"Fuerza";26.8;2.9;4;"Intermedio";15.75
28;"Masculino";128.4;1.86;173;158;71;1.06;921;"Fuerza";23.6;3.3;4;"Intermedio";37.11
29;"Masculino";88;1.89;199;137;54;1.75;1319;"Cardio";13.3;3.5;5;"Experto";24.64
27;"Femenino";63.7;1.52;195;120;60;1.19;714;"Fuerza";25.4;2.1;4;"Intermedio";27.57
49;"Masculino";83.7;1.87;183;158;53;1.29;1009;"HIIT";23.9;2.3;4;"Intermedio";23.94
33;"Masculino";102.6;1.75;186;140;53;1.4;1078;"HIIT";27.9;2.2;3;"Intermedio";33.5
25;"Femenino";77.7;1.55;184;120;52;0.55;330;"Yoga";33;1.7;2;"Principiante";32.34
55;"Masculino";87.5;1.88;191;134;73;1.19;789;"Yoga";27.2;2.6;4;"Intermedio";24.76
29;"Masculino";87;1.86;177;123;72;1.52;1028;"Yoga";11;3.5;4;"Experto";25.15
41;"Masculino";82.8;1.66;177;139;74;1.97;1355;"HIIT";11.2;3.5;5;"Experto";30.05
45;"Femenino";65.4;1.68;196;129;66;0.76;441;"HIIT";35;2.6;3;"Principiante";23.17
25;"Femenino";47.2;1.71;185;142;56;0.89;632;"Cardio";26;2.5;2;"Principiante";16.14
45;"Femenino";58.2;1.7;168;160;53;0.95;684;"Yoga";26.8;2;3;"Principiante";20.14
53;"Femenino";73.5;1.55;194;153;72;1.17;806;"HIIT";26.3;2.1;4;"Intermedio";30.59
43;"Femenino";55.2;1.73;167;165;62;1.67;1240;"Cardio";16.6;2.7;5;"Experto";18.44
25;"Femenino";64.4;1.71;179;167;61;1.12;935;"HIIT";27.1;1.8;3;"Principiante";22.02
45;"Femenino";73.5;1.74;181;152;50;1.18;807;"Cardio";30;2.3;4;"Intermedio";24.28
45;"Masculino";89.6;1.81;178;153;70;1.7;1287;"Yoga";12.4;3.5;5;"Experto";27.35
54;"Masculino";86.5;1.76;189;158;68;1.48;1158;"Yoga";29;3.4;3;"Intermedio";27.92
58;"Femenino";46.1;1.67;187;129;70;1.28;743;"Yoga";25.3;1.8;4;"Intermedio";16.53
53;"Masculino";68.5;1.97;194;139;69;1.3;894;"HIIT";23.2;2.1;3;"Intermedio";17.65
44;"Masculino";94.6;1.84;170;120;67;1.26;748;"HIIT";26;3.1;4;"Intermedio";27.94
34;"Femenino";54.2;1.52;190;132;60;1.13;746;"Cardio";31;2.2;3;"Principiante";23.46
26;"Masculino";47.7;1.77;198;120;69;1.15;759;"Fuerza";24.8;2.7;3;"Intermedio";15.23
50;"Masculino";52.2;1.84;195;124;52;1.38;847;"Fuerza";28.2;3.1;4;"Intermedio";15.42
37;"Masculino";88.8;1.95;189;135;66;1.58;1173;"Yoga";10.3;3.5;5;"Experto";23.35
30;"Masculino";101;1.68;182;134;61;1.46;1076;"Fuerza";28.2;2.9;4;"Intermedio";35.79
45;"Masculino";118.4;1.95;178;168;59;1.06;881;"Yoga";24.9;2.4;3;"Intermedio";31.14
46;"Femenino";47.9;1.72;171;147;57;1.41;933;"Cardio";26.3;2;3;"Principiante";16.19
30;"Femenino";51.5;1.74;174;150;64;1.08;810;"Fuerza";33.9;2;3;"Intermedio";17.01
52;"Femenino";79.9;1.51;190;142;54;0.75;479;"Fuerza";31.5;2.6;3;"Principiante";35.04
23;"Masculino";121.3;1.85;196;167;53;0.72;661;"Yoga";21.6;3.6;2;"Principiante";35.44
35;"Femenino";78.9;1.64;196;164;70;1.28;1050;"Cardio";25.3;2.6;4;"Intermedio";29.34
22;"Masculino";88.5;1.62;174;162;69;1.88;1675;"Fuerza";10.7;3.5;5;"Experto";33.72
42;"Masculino";73.5;1.63;188;136;68;0.52;350;"Fuerza";26.1;3.2;3;"Principiante";27.66
19;"Masculino";127.9;1.93;185;168;70;1.27;1173;"Fuerza";21.8;3;4;"Intermedio";34.34
27;"Masculino";88.5;1.98;161;153;53;1.8;1515;"Cardio";11.1;3.5;4;"Experto";22.57
47;"Femenino";43.4;1.62;179;132;64;0.51;303;"Cardio";25.3;2.3;3;"Principiante";16.54
22;"Femenino";42.8;1.56;174;133;66;1.47;978;"Fuerza";32.2;2.6;3;"Intermedio";17.59
50;"Masculino";64.5;1.79;163;130;61;1.17;753;"Yoga";28.1;2.4;4;"Intermedio";20.13
18;"Femenino";50.7;1.53;181;147;52;1.29;948;"Yoga";33;2.1;3;"Intermedio";21.66
35;"Masculino";59.2;1.66;197;161;59;1.3;1151;"Fuerza";21.3;3.2;3;"Principiante";21.48
49;"Femenino";78.9;1.73;182;151;64;1.38;938;"Cardio";34;2.3;2;"Principiante";26.36
28;"Femenino";78.7;1.63;185;154;59;1.1;847;"Fuerza";31.7;1.8;3;"Intermedio";29.62
38;"Masculino";68.7;1.92;170;150;73;1.31;1081;"Cardio";29;3;4;"Intermedio";18.64
43;"Femenino";53.1;1.59;187;136;72;0.82;502;"Fuerza";29.5;2.5;2;"Principiante";21
42;"Masculino";64.8;1.65;161;166;67;1.1;904;"Cardio";24.4;2.8;3;"Intermedio";23.8
39;"Femenino";50.3;1.61;167;128;50;1.17;749;"HIIT";32.8;2.5;2;"Principiante";19.41
44;"Masculino";102.3;1.63;188;129;52;1.34;856;"Yoga";20.9;2.6;4;"Intermedio";38.5
30;"Masculino";62.9;1.92;170;127;70;1.13;789;"HIIT";25.2;3.6;2;"Principiante";17.06
50;"Femenino";56.5;1.6;196;140;61;1.88;1184;"Yoga";19.2;2.7;5;"Experto";22.07
51;"Femenino";74.6;1.55;177;132;50;0.71;422;"Cardio";33.3;2.1;2;"Principiante";31.05
58;"Masculino";52;1.79;173;169;52;1.12;937;"HIIT";29.6;3;3;"Principiante";16.23
52;"Femenino";52.1;1.67;169;124;52;1.5;837;"Yoga";32;1.5;2;"Principiante";18.68
18;"Femenino";72.2;1.54;194;125;54;0.97;606;"Fuerza";27.1;1.7;2;"Principiante";30.44
38;"Masculino";85.8;1.8;168;149;68;1.72;1410;"Cardio";10.1;3.5;4;"Experto";26.48
23;"Masculino";81.4;1.85;194;150;74;1.6;1320;"Cardio";12.4;3.5;4;"Experto";23.78
45;"Femenino";50.9;1.65;170;136;50;1.45;887;"Fuerza";30.1;2.3;2;"Principiante";18.7
34;"Masculino";52;1.78;171;130;53;1.38;987;"Fuerza";22.4;2.7;4;"Intermedio";16.41
22;"Masculino";71;1.93;162;139;53;1.42;1086;"Yoga";21.2;2.9;4;"Intermedio";19.06
48;"Masculino";80.6;1.77;198;167;66;1.51;1248;"Cardio";12.9;3.5;4;"Experto";25.73
22;"Femenino";58.3;1.72;173;128;63;1;640;"Yoga";32.6;1.6;3;"Intermedio";19.71
55;"Femenino";63;1.7;187;121;67;1.32;719;"Fuerza";34.9;2.5;3;"Principiante";21.8
20;"Masculino";111;1.94;170;156;50;1.02;875;"Cardio";27.6;3.3;4;"Intermedio";29.49
40;"Femenino";52.6;1.66;198;120;71;1.27;762;"Fuerza";32.9;1.7;3;"Intermedio";19.09
54;"Masculino";116.4;2;184;123;65;1.13;688;"Yoga";26.2;3.1;3;"Principiante";29.1
54;"Femenino";75.6;1.61;180;155;52;1.41;983;"Yoga";34.9;2.5;4;"Intermedio";29.17
27;"Masculino";61.6;1.8;169;144;72;1.48;1172;"Yoga";26.4;3.1;2;"Principiante";19.01
27;"Masculino";108;1.8;174;122;70;1.38;926;"Cardio";28.6;2.5;4;"Intermedio";33.33
36;"Femenino";59.3;1.75;178;128;58;0.99;634;"Fuerza";34.5;2.3;3;"Principiante";19.36
34;"Masculino";75.7;1.94;181;141;72;1.18;915;"Fuerza";29.3;2.4;4;"Intermedio";20.11
38;"Femenino";56.3;1.6;180;142;53;1.21;859;"Yoga";28.8;1.9;4;"Intermedio";21.99
31;"Femenino";58.2;1.73;191;131;70;1.17;766;"Yoga";25.8;1.8;3;"Intermedio";19.45
26;"Masculino";55.7;1.68;182;129;54;1.13;802;"Yoga";21.7;2.9;3;"Principiante";19.73
18;"Masculino";125.9;1.67;172;153;60;1.46;1229;"Yoga";20.6;2.2;3;"Intermedio";45.14
30;"Femenino";62.7;1.67;164;162;70;1.02;826;"HIIT";26.1;2.6;4;"Intermedio";22.48
21;"Masculino";86.6;1.86;163;129;58;1.37;972;"HIIT";21.8;2.6;3;"Intermedio";25.03
18;"Masculino";64.5;1.82;187;149;52;1.2;983;"HIIT";23.4;2.4;3;"Intermedio";19.47
57;"Masculino";76.6;1.86;173;141;55;1.14;796;"Yoga";25.4;2.8;4;"Intermedio";22.14
49;"Masculino";81.4;1.83;167;125;73;1.98;1225;"Yoga";13.6;3.5;5;"Experto";24.31
51;"Masculino";60.7;1.71;168;169;60;1.14;954;"Fuerza";22.1;2.5;2;"Principiante";20.76
45;"Femenino";57.2;1.55;194;121;58;1.67;909;"Cardio";18.4;2.7;5;"Experto";23.81
48;"Femenino";73;1.59;196;149;64;1.19;798;"Fuerza";32;2.1;3;"Intermedio";28.88
25;"Masculino";123.8;1.99;180;121;72;1.13;752;"HIIT";25.6;2.6;3;"Principiante";31.26
56;"Masculino";93.6;1.66;177;151;52;1.37;1024;"Fuerza";29;2.2;2;"Principiante";33.97
43;"Masculino";76.8;1.92;192;161;50;1.24;988;"Yoga";21.1;2.5;3;"Principiante";20.83
51;"Femenino";54.7;1.53;167;135;69;1.11;674;"HIIT";26.8;2;4;"Intermedio";23.37
20;"Masculino";92.3;1.94;176;131;71;1.14;821;"HIIT";24.3;2.1;3;"Intermedio";24.52
29;"Femenino";71.8;1.55;190;120;68;1.2;720;"Cardio";26.3;2.4;4;"Intermedio";29.89
18;"Femenino";66.9;1.57;193;127;63;1.07;679;"Cardio";30.7;2.2;3;"Intermedio";27.14
22;"Femenino";48.7;1.76;165;167;66;1.37;1144;"HIIT";29;2.2;4;"Intermedio";15.72
47;"Masculino";66.2;1.71;181;169;71;1.42;1188;"HIIT";22.8;2.9;3;"Principiante";22.64
47;"Femenino";40;1.76;173;132;63;0.8;475;"Fuerza";26.7;2.2;3;"Principiante";12.91
34;"Masculino";112.4;1.85;162;134;66;1.18;870;"HIIT";23.4;3.6;4;"Intermedio";32.84
40;"Femenino";70;1.55;171;163;74;0.85;693;"Yoga";31.1;1.5;3;"Principiante";29.14
32;"Masculino";84;1.74;195;127;63;1.45;1013;"Fuerza";25.8;2.1;3;"Principiante";27.74
54;"Femenino";43.8;1.65;171;129;61;1.29;749;"Yoga";26.6;1.7;4;"Intermedio";16.09
38;"Masculino";123.3;1.62;161;165;65;1.34;1216;"Yoga";21.2;2.3;4;"Intermedio";46.98
31;"Femenino";57.9;1.56;161;124;50;1.8;1116;"Yoga";15.1;2.7;5;"Experto";23.79
19;"Masculino";82.4;1.96;174;169;62;1.9;1766;"HIIT";10.1;3.5;5;"Experto";21.45
28;"Masculino";84.8;1.79;182;138;55;1.35;1025;"Cardio";28.8;2.3;4;"Intermedio";26.47
56;"Masculino";109.6;1.66;188;166;66;1.29;1060;"Cardio";20.5;3.1;3;"Intermedio";39.77
55;"Masculino";86.4;1.77;176;157;61;1;777;"Yoga";27.3;2.8;3;"Intermedio";27.58
51;"Femenino";63.9;1.8;191;130;72;1.07;626;"HIIT";33.7;2.7;4;"Intermedio";19.72
55;"Femenino";70.8;1.62;166;162;68;0.54;394;"Fuerza";26;1.8;3;"Principiante";26.98
51;"Masculino";115.3;1.67;189;139;55;1.38;950;"Yoga";24.4;2.5;3;"Intermedio";41.34
35;"Femenino";55.3;1.56;187;139;56;1.71;1188;"Fuerza";19.8;2.7;5;"Experto";22.72
47;"Masculino";73.9;1.8;173;140;50;1.36;942;"Fuerza";28.3;3.7;3;"Principiante";22.81
32;"Masculino";97.3;1.96;189;137;50;1.36;1025;"HIIT";24.9;3.4;3;"Intermedio";25.33
44;"Femenino";60.4;1.65;176;169;54;1.27;966;"HIIT";32.6;2.1;4;"Intermedio";22.19
51;"Masculino";49.3;1.61;191;129;55;1.36;868;"Cardio";28.3;2.9;2;"Principiante";19.02
55;"Masculino";91.8;1.78;165;153;65;1.44;1091;"Cardio";23.5;3.4;3;"Principiante";28.97
50;"Femenino";73.6;1.55;183;145;74;0.89;581;"HIIT";33.9;2.1;3;"Principiante";30.63
41;"Masculino";47.1;1.78;165;149;65;1.26;929;"Yoga";24.7;2.4;3;"Principiante";14.87
32;"Masculino";65.2;1.62;186;128;63;0.58;408;"Cardio";25.3;3.4;2;"Principiante";24.84
47;"Masculino";87.2;1.64;177;165;50;2;1634;"Fuerza";15;3.5;4;"Experto";32.42
59;"Masculino";96.7;1.71;183;150;62;0.57;423;"Yoga";28.4;2.9;3;"Principiante";33.07
34;"Femenino";46.9;1.61;196;161;69;1.02;821;"Fuerza";28.6;1.7;3;"Intermedio";18.09
22;"Femenino";72.1;1.62;183;123;59;1.38;849;"HIIT";25.1;2.1;3;"Principiante";27.47
46;"Femenino";62.5;1.54;197;125;73;1.61;906;"Fuerza";18.1;2.7;4;"Experto";26.35
21;"Masculino";110.7;1.69;193;133;59;1.06;775;"Yoga";27;2.7;3;"Principiante";38.76
27;"Masculino";102.6;1.83;199;123;58;1.41;954;"HIIT";26.5;3.5;3;"Intermedio";30.64
34;"Femenino";64.3;1.62;174;145;62;1.76;1276;"Yoga";19.8;2.7;5;"Experto";24.5
27;"Masculino";80.7;1.61;170;166;52;1.75;1598;"Fuerza";14.3;3.5;4;"Experto";31.13
34;"Masculino";115.3;1.81;181;167;67;1.36;1249;"Yoga";24.5;2.2;2;"Principiante";35.19
37;"Masculino";87.8;1.69;183;158;69;1.81;1573;"HIIT";10.3;3.5;5;"Experto";30.74
41;"Masculino";74.3;1.61;160;136;51;1.06;714;"Fuerza";24.8;3.5;4;"Intermedio";28.66
22;"Femenino";78.5;1.7;177;138;66;1.36;938;"Fuerza";31.9;2.1;4;"Intermedio";27.16
51;"Femenino";77.3;1.58;171;168;68;0.97;733;"Cardio";31.1;2;2;"Principiante";30.96
23;"Femenino";64.5;1.7;187;125;72;0.51;319;"Cardio";30.4;1.7;2;"Principiante";22.32
19;"Masculino";72;1.94;199;148;62;1.17;952;"Yoga";24.7;3.2;3;"Intermedio";19.13
30;"Femenino";77.9;1.77;166;130;62;1.41;916;"Cardio";27.9;2.6;4;"Intermedio";24.87
28;"Femenino";69.6;1.58;182;135;50;1.49;1006;"Cardio";27.8;2;3;"Intermedio";27.88
40;"Masculino";68.9;1.99;180;149;51;1.16;951;"Cardio";25;2.4;4;"Intermedio";17.4
33;"Masculino";45.9;1.89;193;144;50;1.45;1148;"Cardio";21.6;2.9;3;"Intermedio";12.85
48;"Femenino";68.2;1.69;170;159;73;0.75;537;"HIIT";28.4;2.5;3;"Principiante";23.88
28;"Femenino";79.6;1.59;181;130;54;1.49;968;"HIIT";28.2;1.5;3;"Intermedio";31.49
33;"Femenino";53.6;1.52;194;126;73;1.02;643;"Cardio";30.9;2.3;2;"Principiante";23.2
25;"Femenino";57.7;1.58;188;145;52;1.36;986;"Yoga";25.7;2.2;3;"Intermedio";23.11
21;"Masculino";74.2;1.93;187;141;56;1.32;1024;"HIIT";28.3;2.5;3;"Intermedio";19.92
57;"Femenino";64.4;1.56;177;144;73;1.52;985;"Cardio";17.8;2.7;5;"Experto";26.46
21;"Femenino";54.9;1.78;173;138;71;0.55;380;"HIIT";31.7;2;2;"Principiante";17.33
42;"Masculino";50.3;1.64;177;150;62;0.63;468;"Fuerza";27;2.4;3;"Principiante";18.7
20;"Femenino";46.5;1.68;187;145;72;0.91;660;"HIIT";27.9;2.4;2;"Principiante";16.48
49;"Masculino";57.8;1.99;183;161;67;0.93;741;"HIIT";24.7;3.1;3;"Principiante";14.6
20;"Masculino";83;1.8;167;160;73;0.79;695;"Yoga";29.6;2.9;2;"Principiante";25.62
44;"Masculino";82.5;1.79;167;155;70;1.51;1159;"HIIT";13.8;3.5;5;"Experto";25.75
46;"Femenino";66.5;1.73;163;142;56;1.11;709;"Yoga";34.7;2;3;"Principiante";22.22
49;"Femenino";70.2;1.67;186;166;50;0.93;695;"Fuerza";32.5;1.8;3;"Principiante";25.17
36;"Masculino";121.9;1.93;195;132;54;1.49;1082;"Cardio";21.8;3.4;3;"Intermedio";32.73
38;"Femenino";70.3;1.52;164;144;66;1.19;857;"Yoga";25.6;2;4;"Intermedio";30.43
22;"Femenino";40.3;1.56;192;121;57;1.45;877;"HIIT";30.8;2.1;4;"Intermedio";16.56
35;"Masculino";101.4;1.76;193;121;64;0.84;559;"HIIT";23.6;2.9;2;"Principiante";32.74
45;"Masculino";79.2;1.95;189;135;69;1.47;982;"Yoga";22.8;2.8;3;"Intermedio";20.83
59;"Femenino";75.8;1.77;167;128;53;1.46;841;"Fuerza";33.1;1.8;3;"Principiante";24.19
39;"Masculino";71.7;1.88;198;147;51;0.55;445;"Cardio";23.7;2.2;2;"Principiante";20.29
38;"Femenino";57.7;1.56;185;132;54;1.64;1082;"HIIT";16.6;2.7;5;"Experto";23.71
23;"Femenino";47.4;1.6;196;154;50;0.76;585;"Fuerza";33.5;1.6;3;"Principiante";18.52
18;"Femenino";57.2;1.75;193;160;74;1.29;1032;"Cardio";33.5;2.4;3;"Intermedio";18.68
22;"Femenino";44.8;1.72;166;132;54;1.48;977;"Cardio";28.6;1.8;4;"Intermedio";15.14
58;"Masculino";90.2;1.72;199;150;55;0.9;668;"HIIT";28.3;2.1;2;"Principiante";30.49
29;"Masculino";84.9;1.72;187;140;51;1.79;1378;"Yoga";14.3;3.5;4;"Experto";28.7
43;"Masculino";95.7;1.77;198;151;50;1.08;807;"HIIT";24.2;3.4;3;"Principiante";30.55
51;"Masculino";59;1.65;198;153;53;1.22;924;"HIIT";20.7;2.3;3;"Intermedio";21.67
31;"Femenino";60.5;1.77;187;127;56;1.72;1092;"HIIT";15;2.7;4;"Experto";19.31
43;"Femenino";53.8;1.72;173;160;71;1.03;742;"Fuerza";30.2;2.3;4;"Intermedio";18.19
44;"Masculino";86.6;1.97;197;167;50;1.66;1372;"Yoga";11.7;3.5;5;"Experto";22.31
26;"Femenino";72.8;1.67;163;121;50;1.37;829;"Fuerza";35;1.9;2;"Principiante";26.1
43;"Femenino";66.3;1.77;177;157;57;1.48;1046;"HIIT";32.7;1.7;4;"Intermedio";21.16
39;"Femenino";56;1.6;184;151;69;0.89;672;"Yoga";32.6;2;2;"Principiante";21.87
47;"Masculino";45.9;1.93;166;159;65;1.29;1015;"Cardio";29.6;2;3;"Intermedio";12.32
34;"Masculino";88;1.64;197;147;70;1.9;1536;"Yoga";14.4;3.5;4;"Experto";32.72
43;"Masculino";94;1.79;187;156;62;1.31;1012;"HIIT";23.2;3.4;2;"Principiante";29.34
53;"Femenino";44.7;1.79;164;160;72;1.34;965;"Yoga";26.7;2.1;3;"Intermedio";13.95
18;"Masculino";63.2;1.63;162;120;73;0.66;436;"Cardio";27.5;2.2;3;"Principiante";23.79
25;"Masculino";95.6;1.9;190;160;72;1.47;1294;"Cardio";23.8;2.4;4;"Intermedio";26.48
52;"Masculino";47.8;1.86;179;129;67;1.01;645;"Yoga";24.7;2.8;3;"Intermedio";13.82
32;"Masculino";85.3;1.64;178;123;69;1.77;1197;"Cardio";13.2;3.5;4;"Experto";31.71
39;"Masculino";59.7;1.83;170;154;59;1.35;1143;"Fuerza";29.1;2.3;4;"Intermedio";17.83
31;"Masculino";70.2;1.98;199;129;61;0.71;504;"Yoga";24.2;2.5;2;"Principiante";17.91
43;"Femenino";72.7;1.8;162;166;50;0.79;590;"Cardio";32.8;2.1;3;"Principiante";22.44
45;"Femenino";50.4;1.79;182;130;59;0.74;433;"Cardio";27.7;2.5;2;"Principiante";15.73
40;"Masculino";81.7;1.74;166;133;58;0.91;666;"Yoga";27;2.7;2;"Principiante";26.99
31;"Masculino";49.3;1.62;182;157;52;0.56;484;"Fuerza";20;3.2;2;"Principiante";18.79
41;"Femenino";61.9;1.64;166;131;68;1.93;1138;"Yoga";19.4;2.7;4;"Experto";23.01
19;"Femenino";49.1;1.68;193;164;58;1.42;1164;"Cardio";25.3;2.6;4;"Intermedio";17.4
43;"Masculino";66.5;1.83;178;136;59;1.11;747;"Yoga";27.1;2.4;3;"Intermedio";19.86
31;"Masculino";75.5;1.93;168;135;68;0.6;446;"Cardio";20.5;3.4;2;"Principiante";20.27
24;"Masculino";88.2;1.79;177;154;65;1.76;1491;"HIIT";11.3;3.5;4;"Experto";27.53
20;"Masculino";74.8;1.75;184;121;73;1.33;885;"Yoga";25;3.3;3;"Intermedio";24.42
40;"Femenino";72.2;1.6;173;130;67;0.87;566;"Yoga";29.2;1.9;3;"Principiante";28.2
35;"Masculino";62.8;1.63;184;160;63;1.41;1241;"Cardio";21.9;3.7;4;"Intermedio";23.64
55;"Masculino";84.7;1.79;178;122;52;1.19;719;"Cardio";23.3;2.4;3;"Intermedio";26.43
52;"Masculino";116.5;1.69;198;148;51;0.53;388;"Cardio";27.3;2.4;2;"Principiante";40.79
32;"Masculino";77.4;1.92;174;137;50;1.39;1047;"Cardio";26.7;3.3;3;"Intermedio";21
42;"Femenino";72.9;1.62;175;139;67;1.17;732;"Yoga";25.7;2;4;"Intermedio";27.78
54;"Femenino";58.4;1.59;186;166;73;1.08;807;"Cardio";32.5;1.9;2;"Principiante";23.1
45;"Femenino";64.3;1.54;199;133;58;1.67;999;"Yoga";15.3;2.7;4;"Experto";27.11
27;"Masculino";89.3;1.87;169;153;62;1.62;1363;"Fuerza";12.7;3.5;5;"Experto";25.54
56;"Masculino";90.2;1.61;163;168;51;1.38;1148;"Yoga";22.6;2.3;3;"Intermedio";34.8
34;"Femenino";59;1.62;178;150;56;1.13;847;"Cardio";30.9;2.4;4;"Intermedio";22.48
56;"Masculino";58.7;1.86;187;159;65;1.09;858;"Cardio";22.6;3.3;3;"Intermedio";16.97
39;"Masculino";127.5;1.82;180;161;70;1.26;1116;"Fuerza";29.8;3;3;"Intermedio";38.49
43;"Femenino";68.6;1.52;173;137;68;1.42;875;"Yoga";28.1;2.6;4;"Intermedio";29.69
42;"Femenino";56.7;1.53;192;149;74;1.07;717;"Fuerza";27.4;1.9;3;"Principiante";24.22
34;"Femenino";64.5;1.78;169;144;64;1.33;958;"Yoga";27.8;1.8;4;"Intermedio";20.36
30;"Femenino";61.6;1.52;178;138;71;1.78;1228;"Cardio";19.5;2.7;4;"Experto";26.66
37;"Masculino";75.1;1.82;189;127;60;1.23;859;"Yoga";26.4;3.2;4;"Intermedio";22.67
42;"Masculino";79.3;1.93;181;147;50;1.22;888;"Cardio";27.3;3.3;2;"Principiante";21.29
21;"Femenino";72.6;1.68;162;127;70;1.19;756;"Cardio";34.2;1.8;3;"Intermedio";25.72
27;"Masculino";76.7;1.7;196;150;56;0.96;792;"HIIT";29.1;2.1;3;"Principiante";26.54
20;"Femenino";44.2;1.61;177;122;69;1.08;659;"HIIT";32.4;2.5;2;"Principiante";17.05
58;"Femenino";56.5;1.7;170;122;57;0.74;406;"Yoga";27;2.7;2;"Principiante";19.55
35;"Masculino";100.9;1.63;161;163;59;1.1;986;"Cardio";28.4;3.1;2;"Principiante";37.98
53;"Femenino";55.8;1.55;171;141;54;1.12;711;"Fuerza";27;1.8;4;"Intermedio";23.23
39;"Masculino";58.3;1.93;165;136;58;1.35;1010;"Cardio";27.4;3.7;4;"Intermedio";15.65
51;"Masculino";48.6;1.77;199;155;74;1.47;1128;"Fuerza";26.9;3.5;2;"Principiante";15.51
25;"Masculino";81.7;1.95;188;136;74;1.94;1451;"Yoga";13.8;3.5;4;"Experto";21.49
57;"Masculino";85.6;1.69;189;133;50;1.76;1159;"Yoga";12.7;3.5;5;"Experto";29.97
36;"Femenino";60;1.72;161;128;51;1.63;1043;"Fuerza";18.2;2.7;5;"Experto";20.28
59;"Masculino";126.4;1.69;168;149;68;1.24;915;"Fuerza";29.5;2.9;3;"Principiante";44.26
58;"Femenino";75.4;1.78;161;140;63;1.05;662;"Cardio";26;2.5;4;"Intermedio";23.8
54;"Femenino";64.2;1.69;188;131;69;1.69;996;"Yoga";16.5;2.7;4;"Experto";22.48
23;"Femenino";65.2;1.62;192;156;59;1.37;1069;"Cardio";31.1;2.5;3;"Intermedio";24.84
43;"Femenino";70.1;1.66;169;151;58;0.99;673;"Fuerza";34.6;2.6;2;"Principiante";25.44
51;"Masculino";102.6;1.77;193;130;59;1.21;779;"HIIT";21;3.4;2;"Principiante";32.75
23;"Masculino";107.2;1.93;167;139;55;1.15;879;"HIIT";20.2;3.1;4;"Intermedio";28.78
54;"Femenino";56.5;1.75;196;154;66;1.76;1220;"HIIT";15.3;2.7;5;"Experto";18.45
50;"Femenino";61.6;1.75;192;166;74;1.22;911;"Fuerza";25.5;2.2;4;"Intermedio";20.11
39;"Masculino";81.7;1.75;165;165;55;1.32;1198;"Cardio";29.1;2.8;4;"Intermedio";26.68
38;"Femenino";76.6;1.58;199;130;53;0.74;481;"Yoga";32.2;2.3;2;"Principiante";30.68
23;"Masculino";116.8;1.79;178;127;69;1;698;"Fuerza";26.8;3.4;4;"Intermedio";36.45
23;"Femenino";60.1;1.59;191;123;52;1.8;1107;"HIIT";17.6;2.7;4;"Experto";23.77
21;"Masculino";93.7;1.73;186;146;72;1;803;"Cardio";27.8;3.6;2;"Principiante";31.31
47;"Femenino";41.6;1.58;160;163;68;1.03;756;"Yoga";26.6;2.1;4;"Intermedio";16.66
28;"Femenino";55.1;1.79;192;159;67;1.99;1582;"Yoga";17;2.7;5;"Experto";17.2
47;"Masculino";127.1;1.76;199;157;73;0.71;552;"Fuerza";24.9;3;2;"Principiante";41.03
48;"Femenino";69.1;1.6;191;166;53;1.34;1001;"Fuerza";26.1;2;4;"Intermedio";26.99
41;"Femenino";66.8;1.74;164;149;57;1.34;898;"Yoga";29.2;2.3;3;"Principiante";22.06
26;"Masculino";125.5;1.76;176;163;66;1.15;1031;"Yoga";23.2;3.1;4;"Intermedio";40.52
20;"Femenino";71.3;1.58;167;167;54;1.07;893;"HIIT";25.4;1.5;3;"Intermedio";28.56
48;"Masculino";129.2;1.61;193;167;62;1.06;876;"Yoga";21.4;2.9;4;"Intermedio";49.84
57;"Masculino";96.3;1.86;168;146;74;1.1;795;"Fuerza";27.6;2.2;3;"Intermedio";27.84
54;"Femenino";67.5;1.54;182;140;50;0.72;454;"Cardio";25.2;1.5;3;"Principiante";28.46
53;"Femenino";64.4;1.55;194;139;62;1.77;1107;"HIIT";19.7;2.7;4;"Experto";26.81
41;"Femenino";64.9;1.57;166;123;53;1.04;576;"HIIT";25.9;2.4;4;"Intermedio";26.33
48;"Femenino";52.3;1.66;174;130;71;0.74;433;"Yoga";33;1.8;3;"Principiante";18.98
23;"Femenino";56.7;1.55;179;132;73;1.38;911;"Cardio";34;1.9;4;"Intermedio";23.6
19;"Femenino";46.8;1.63;184;128;63;1.35;864;"HIIT";34.4;1.6;4;"Intermedio";17.61
37;"Femenino";70.3;1.77;162;123;52;1.01;621;"Fuerza";33.7;1.7;2;"Principiante";22.44
45;"Masculino";80.8;1.76;183;131;54;1.7;1102;"Yoga";11.4;3.5;4;"Experto";26.08
28;"Femenino";56;1.5;193;128;56;1.94;1242;"Fuerza";16.7;2.7;5;"Experto";24.89
21;"Masculino";101.2;1.84;181;132;50;1.3;944;"Yoga";24.3;3.3;2;"Principiante";29.89
32;"Femenino";56.6;1.57;170;167;72;1.65;1378;"HIIT";15.7;2.7;4;"Experto";22.96
23;"Femenino";40.9;1.75;167;145;61;0.82;594;"Yoga";25.2;2.1;3;"Principiante";13.36
47;"Masculino";127.8;1.65;198;157;60;0.77;598;"Cardio";28.7;3.5;2;"Principiante";46.94
55;"Femenino";49.3;1.76;194;161;73;1.28;927;"Fuerza";30.5;2;2;"Principiante";15.92
19;"Femenino";64.3;1.63;197;132;57;1.87;1234;"Cardio";18;2.7;5;"Experto";24.2
32;"Masculino";49.3;1.62;167;158;74;1.18;1025;"Fuerza";29.3;2.5;3;"Intermedio";18.79
28;"Femenino";63;1.62;196;147;55;0.68;500;"Fuerza";31.7;1.9;2;"Principiante";24.01
25;"Femenino";41.1;1.67;186;138;71;1.03;711;"Yoga";31.9;2.4;3;"Intermedio";14.74
43;"Femenino";40.5;1.74;187;143;51;1.5;965;"HIIT";32.9;2.2;3;"Intermedio";13.38
22;"Masculino";71;1.62;199;138;68;0.91;691;"HIIT";21.2;3.5;2;"Principiante";27.05
23;"Femenino";60.9;1.62;193;168;69;1.59;1336;"Cardio";16.8;2.7;5;"Experto";23.21
43;"Femenino";64.7;1.66;191;132;69;1.88;1117;"Yoga";19.8;2.7;4;"Experto";23.48
21;"Femenino";51;1.71;174;132;73;1.07;706;"HIIT";34.2;2.2;3;"Intermedio";17.44
36;"Femenino";57.7;1.77;176;147;63;1.65;1213;"Fuerza";19.4;2.7;4;"Experto";18.42
37;"Masculino";76.9;1.82;192;121;50;1.49;992;"Fuerza";24.5;2.8;4;"Intermedio";23.22
50;"Masculino";80.5;1.77;175;129;59;1.85;1181;"Yoga";14.3;3.5;4;"Experto";25.7
37;"Femenino";73.3;1.74;188;141;65;1.03;726;"Cardio";25.5;2.4;3;"Intermedio";24.21
29;"Femenino";49;1.57;168;132;53;1.33;878;"Yoga";26.5;2.6;3;"Intermedio";19.88
18;"Masculino";114.5;1.97;192;128;60;1.03;725;"Cardio";24.1;2.6;3;"Principiante";29.5
43;"Masculino";81;1.78;188;152;65;1.58;1189;"Yoga";12.4;3.5;5;"Experto";25.56
31;"Femenino";53.5;1.76;172;133;69;1.22;811;"Fuerza";27.6;1.8;4;"Intermedio";17.27
55;"Masculino";52.1;1.68;180;167;50;0.77;637;"Yoga";23.6;3;3;"Principiante";18.46
54;"Femenino";70.1;1.52;180;139;65;0.76;475;"HIIT";26.6;2.1;2;"Principiante";30.34
28;"Masculino";86.9;1.78;164;134;68;1.29;951;"HIIT";24.9;3.7;4;"Intermedio";27.43
53;"Masculino";73.4;1.76;169;151;70;1.09;815;"Yoga";27.9;2.8;3;"Intermedio";23.7
30;"Masculino";90;1.66;165;152;71;1.32;1104;"Cardio";26.6;2.1;4;"Intermedio";32.66
20;"Masculino";85.7;1.92;172;136;58;1.72;1287;"Cardio";10.5;3.5;5;"Experto";23.25
50;"Femenino";70.4;1.55;160;143;58;0.73;470;"Fuerza";29.9;2.7;2;"Principiante";29.3
23;"Masculino";57.7;1.71;179;149;58;1.15;942;"Fuerza";27;3.4;3;"Intermedio";19.73
27;"Masculino";75.7;1.76;167;132;66;0.68;494;"Cardio";25.3;2.3;3;"Principiante";24.44
22;"Femenino";61.8;1.52;169;166;61;1.83;1519;"Yoga";17;2.7;5;"Experto";26.75
40;"Masculino";80.3;1.76;168;167;74;1.63;1497;"Fuerza";13.1;3.5;5;"Experto";25.92
27;"Masculino";104.3;1.68;162;135;62;1.28;950;"Cardio";29.7;3.5;3;"Intermedio";36.95
19;"Femenino";65.7;1.58;170;121;57;1.46;883;"Cardio";25.9;1.9;3;"Intermedio";26.32
30;"Masculino";120.3;1.96;171;136;65;0.66;494;"Yoga";23.9;2.6;2;"Principiante";31.32
57;"Femenino";51.9;1.57;169;151;67;1.05;713;"HIIT";29.1;2.6;3;"Intermedio";21.06
19;"Femenino";59.1;1.57;184;162;50;1.65;1336;"Cardio";17.9;2.7;5;"Experto";23.98
37;"Femenino";66.9;1.75;184;127;50;1.38;876;"Fuerza";26.5;2.1;4;"Intermedio";21.84
18;"Femenino";66.9;1.75;170;122;61;0.94;573;"Yoga";26.8;1.7;2;"Principiante";21.84
54;"Masculino";78.7;1.66;195;131;55;1.42;921;"Yoga";22.9;2.6;3;"Intermedio";28.56
26;"Femenino";62.4;1.61;198;139;58;1.88;1307;"Yoga";19.8;2.7;4;"Experto";24.07
34;"Masculino";102.1;1.71;185;135;72;0.96;713;"HIIT";27.3;3.2;2;"Principiante";34.92
26;"Masculino";51.9;2;173;133;54;0.75;549;"HIIT";26.6;2.3;2;"Principiante";12.97
28;"Masculino";58.3;2;198;135;65;1.32;980;"Fuerza";28.2;3;4;"Intermedio";14.57
32;"Masculino";89.8;1.92;199;168;67;1.93;1783;"Fuerza";10.6;3.5;4;"Experto";24.36
41;"Masculino";101.1;1.83;160;162;66;0.79;634;"Yoga";28.6;3.2;2;"Principiante";30.19
55;"Masculino";118.6;1.72;163;168;67;0.77;640;"Fuerza";25.9;2.6;3;"Principiante";40.09
52;"Masculino";84.8;1.85;189;152;50;1.19;895;"Cardio";23.4;3.2;2;"Principiante";24.78
47;"Masculino";80;1.77;171;149;68;0.72;531;"HIIT";28.2;3.5;3;"Principiante";25.54
48;"Masculino";73.1;1.83;194;131;71;1.05;681;"Yoga";28;2.8;4;"Intermedio";21.83
22;"Masculino";117.3;1.68;172;134;57;1.24;914;"Yoga";28.5;2.7;3;"Intermedio";41.56
31;"Femenino";77.4;1.71;190;137;52;1.26;863;"Cardio";26.2;1.8;4;"Intermedio";26.47
28;"Femenino";72.9;1.67;197;147;74;1.13;831;"Cardio";34.7;2.2;3;"Intermedio";26.14
26;"Femenino";71.2;1.5;182;142;54;1.15;816;"Cardio";34.6;2.6;2;"Principiante";31.64
51;"Masculino";88.2;1.62;163;133;72;1.56;1027;"Cardio";11.8;3.5;4;"Experto";33.61
29;"Femenino";75.6;1.8;175;149;57;1.31;976;"Yoga";25.7;1.9;4;"Intermedio";23.33
52;"Femenino";57.9;1.56;166;152;68;1.66;1135;"HIIT";15.8;2.7;4;"Experto";23.79
52;"Femenino";70.6;1.58;181;164;67;1.02;753;"HIIT";34.9;2;3;"Intermedio";28.28
18;"Masculino";118.6;1.64;188;134;67;0.94;693;"Cardio";25.6;2.7;3;"Principiante";44.1
57;"Masculino";55.7;1.99;170;126;70;1.13;705;"Fuerza";23.6;3;3;"Intermedio";14.07
39;"Masculino";102.3;1.94;192;134;50;0.89;656;"Yoga";22.9;2.4;3;"Principiante";27.18
46;"Masculino";72.6;1.87;188;161;64;1.31;1044;"HIIT";22.6;3.4;4;"Intermedio";20.76
25;"Femenino";63.8;1.68;198;165;67;0.95;784;"Cardio";31.6;1.9;2;"Principiante";22.6
28;"Femenino";67.3;1.67;171;157;74;0.61;479;"Fuerza";29.2;2.3;3;"Principiante";24.13
58;"Femenino";59.3;1.58;166;165;56;1.97;1463;"Fuerza";19.8;2.7;4;"Experto";23.75
54;"Femenino";70.7;1.57;198;163;65;1.14;836;"Cardio";31.8;2.1;3;"Principiante";28.68
31;"Masculino";86.9;1.69;185;130;65;1.72;1230;"Yoga";14;3.5;4;"Experto";30.43
47;"Masculino";98.2;1.9;199;148;64;0.76;557;"HIIT";22.9;3;3;"Principiante";27.2
52;"Masculino";63.6;1.62;168;150;55;1.3;965;"Fuerza";20.8;2.3;4;"Intermedio";24.23
38;"Femenino";45.2;1.68;193;144;58;1.01;727;"HIIT";29.9;2.4;3;"Intermedio";16.01
54;"Masculino";117.2;1.62;172;143;56;1.04;736;"HIIT";23.1;2.3;4;"Intermedio";44.66
22;"Masculino";107.4;1.74;195;138;63;1.34;1017;"Fuerza";22;2.2;2;"Principiante";35.47
36;"Femenino";59.1;1.78;184;121;60;0.85;514;"Cardio";34.5;2.2;2;"Principiante";18.65
31;"Femenino";53.3;1.64;183;141;70;0.57;402;"Fuerza";29.4;2.4;3;"Principiante";19.82
43;"Masculino";46.2;1.63;176;139;65;1.18;812;"Fuerza";21.7;2.1;2;"Principiante";17.39
21;"Masculino";67;1.61;161;152;74;1.32;1104;"Yoga";22;2.1;3;"Intermedio";25.85
42;"Masculino";86.3;1.77;172;127;55;1.77;1113;"HIIT";11.4;3.5;4;"Experto";27.55
59;"Masculino";85.5;1.67;190;144;71;1.99;1418;"Cardio";15;3.5;5;"Experto";30.66
42;"Masculino";70.2;1.87;188;165;65;1.38;1127;"HIIT";22.7;3.4;3;"Intermedio";20.07
35;"Masculino";127.1;1.62;187;128;69;1.02;718;"Fuerza";23.3;3.4;4;"Intermedio";48.43
57;"Femenino";75.6;1.67;186;153;65;1.05;723;"Cardio";31.6;1.8;3;"Intermedio";27.11
25;"Femenino";62.6;1.65;174;142;61;1.2;852;"Cardio";27.9;2.2;3;"Principiante";22.99
56;"Femenino";55.7;1.53;190;124;66;1.91;1066;"Cardio";16.1;2.7;5;"Experto";23.79
57;"Masculino";96.1;1.74;199;144;54;1.21;862;"Cardio";21.6;2.8;3;"Intermedio";31.74
31;"Femenino";76.7;1.62;174;127;74;1.39;883;"Yoga";28.1;2.3;4;"Intermedio";29.23
49;"Masculino";57.2;1.89;192;135;62;1.14;762;"Cardio";21.1;3.5;2;"Principiante";16.01
55;"Masculino";69.9;1.81;179;167;57;1.2;992;"Fuerza";20.2;2.1;4;"Intermedio";21.34
50;"Femenino";67.9;1.77;171;164;73;1.03;760;"Yoga";33;2.4;3;"Intermedio";21.67
40;"Masculino";87.9;1.87;196;134;54;1.96;1445;"Fuerza";10.7;3.5;5;"Experto";25.14
32;"Masculino";102.8;1.98;168;120;61;1.24;818;"Fuerza";27.8;2.8;3;"Intermedio";26.22
50;"Femenino";51.8;1.5;182;141;58;1.32;838;"HIIT";33;2.2;3;"Principiante";23.02
42;"Femenino";57.7;1.57;167;122;52;1.83;1005;"Cardio";17.7;2.7;4;"Experto";23.41
34;"Femenino";66.5;1.69;191;157;52;0.81;636;"Cardio";28.1;2.3;3;"Principiante";23.28
50;"Masculino";95.4;1.61;173;133;50;1.16;764;"Fuerza";21.5;3.6;4;"Intermedio";36.8
19;"Femenino";69.2;1.6;186;155;74;1.17;907;"Cardio";32.4;1.6;3;"Principiante";27.03
31;"Femenino";66.6;1.67;184;137;71;1.02;699;"Yoga";31;1.5;4;"Intermedio";23.88
57;"Masculino";83.4;1.65;172;166;67;1.57;1290;"HIIT";13.3;3.5;4;"Experto";30.63
57;"Femenino";43.8;1.75;180;160;73;1.39;1001;"Cardio";25.1;1.7;2;"Principiante";14.3
56;"Femenino";64.2;1.69;190;137;61;1.99;1227;"Cardio";19.6;2.7;5;"Experto";22.48
23;"Femenino";44.1;1.62;196;122;58;0.58;354;"Yoga";25.7;2.7;2;"Principiante";16.8
23;"Masculino";87.3;1.91;164;129;58;1.87;1327;"HIIT";11.8;3.5;5;"Experto";23.93
20;"Masculino";55;1.6;172;168;67;1.12;1035;"Yoga";24;3.2;4;"Intermedio";21.48
24;"Masculino";87.1;1.74;187;158;67;1.57;1364;"Fuerza";10;3.5;4;"Experto";28.77
25;"Masculino";66.6;1.61;184;166;56;1.38;1260;"Fuerza";25;3;2;"Principiante";25.69
59;"Femenino";60.4;1.76;194;120;53;1.72;929;"Cardio";18.8;2.7;5;"Experto";19.5
32;"Masculino";126.4;1.83;198;146;62;1.1;883;"HIIT";28.2;2.1;3;"Intermedio";37.74
46;"Masculino";88.7;1.63;166;146;66;0.75;542;"Fuerza";28.8;3.5;2;"Principiante";33.38
